"location","depth.cm","%N","d15N.permil","%C.total","d13C.total","%C.organic","d13C.organic","P.pct.inorg","P.pct.total","P.pct.org","SiO2.mg","SiO2.prct","water.percent","bulk.density.gcm3","median.grainsize.um","clay.pct","gravel.pct","sand.pct","year.min","year.max","year.median","year.mean","end.pb","cs.peak","n.years","n.cm","accretion.rate.cmyr","century","N.P.ratio","C.N.ratio","Si.P.ratio","P.total.pct.e2","N.storage","median.grainsize.phi","accretion.rate.gcm2yr"
"Middle",0,0.460880328228059,11.125,12.5949374813796,-4.87,12.6319806165674,-4.615,NA,0.026545777,NA,58.5555701333333,1.90825632958953,66.87,NA,86.1,43.8722222222222,0,56.1311111111111,2021.1,2021.2,2021.2,2021.2,NA,NA,NA,NA,NA,"2000",17.361719275652,27.3279997213228,71.8854953686052,2.6545777,NA,6.42794133250948,NA
"Middle",1,0.579981763959356,8.41,6.03901051768631,-20.265,5.99785124651562,-20.25,0.009865197,0.023487397,0.0136222,364.515173066667,12.3250745665189,65.14,0.29,64.2,51.8666666666667,0,48.1366666666667,2015.5,2019.2,2017.8,2017.7,NA,NA,3.5,1,0.285714285714286,"2000",24.693318036024,10.412414480862,524.752681896549,2.3487397,0.0403667307715712,6.00450139223494,0.0828571428571429
"Middle",2,0.509020723983789,8.33,5.5410438718279,-20.035,5.54784650884409,-20.035,0.010174725,0.024415998,0.014241273,355.823599733333,11.4549031842357,65.01,0.31,67.3,50.4166666666667,0.07,49.5155555555556,2011.4,2015.5,2013.7,2013.6,NA,NA,4.10000000000014,1,0.243902439024382,"2000",20.8478360779596,10.8856940606692,469.155640667882,2.4415998,0.0378711418643939,6.07253459972295,0.0756097560975585
"Middle",3,0.486012350863185,8.345,5.17809589999022,-19.84,5.13328439959257,-19.88,0.009563958,0.022615719,0.013051761,320.1374816,10.156165965545,63.9,0.29,63.9,53.4111111111111,0,46.5811111111111,2003.6,2010.9,2007.8,2007.7,NA,NA,5.89999999999986,1,0.169491525423733,"2000",21.4900242996115,10.6542475531612,449.075528642046,2.2615719,0.0338264596200776,5.99774402605963,0.0491525423728825
"Middle",4,0.470897093533474,8.3,5.11481729005464,-19.755,5.14041083749128,-19.855,0.01079452,0.023680688,0.012886168,314.405649333333,10.5747456165878,64.14,0.29,56.6,54.79,0,45.2088888888889,1996,2006.5,2001.8,2001.7,NA,NA,6,1,0.166666666666667,"2000",19.8852792424559,10.8618578459989,446.555675096426,2.3680688,0.0327744377099298,5.82273014794452,0.0483333333333333
"Middle",6,0.457844015088838,8.38,5.20141796239979,-20.175,5.12601572123456,-20.045,0.011377157,0.026538591,0.015161434,265.706603733333,8.95684964063884,63.35,0.3,63.9,51.7,0,48.2877777777778,1988.3,2001.4,1996.1,1995.8,NA,NA,2.90000000000009,1,0.344827586206886,"2000",17.2520091623869,11.3606769794523,337.502832785615,2.6538591,0.0329647690863963,5.99774402605963,0.103448275862066
"Middle",8,0.451417631638382,8.215,5.11123130772477,-20.165,5.04533841680875,-20.08,0.011458808,0.025085936,0.013627127,263.7836432,8.45304582377877,61.9,0.34,58.9,53.8877777777778,0,46.1022222222222,1978.7,1995.1,1988.5,1988.1,NA,NA,4.10000000000014,1,0.243902439024382,"2000",17.9948490516113,11.3226222227386,336.963540996787,2.5085936,0.036835678741692,5.8801957289431,0.0829268292682899
"Middle",10,0.429873879293113,8.32,5.01288789386648,-20.3,4.90343311908149,-20.155,0.011844836,0.025902769,0.014057933,282.415252266667,9.44960273392992,60.75,0.35,57.8,55.5625,0,44.4391666666667,1966.4,1986.9,1978.5,1978,NA,NA,5.20000000000005,1,0.192307692307691,"2000",16.5956728137101,11.6612991282692,364.810524076786,2.5902769,0.0361094058606215,5.85299758761332,0.0673076923076917
"Middle",12,0.424398649640261,8.335,4.84099204534169,-19.965,4.83555976606401,-20.015,0.015518,0.030337681,0.014819681,288.907697333333,9.10274336110001,59.64,0.34,65.4,51.7077777777778,0.0766666666666667,48.2133333333333,1952,1976.7,1965.8,1965.3,NA,NA,6.5,1,0.153846153846154,"2000",13.9891592122767,11.4067093508547,300.047434775915,3.0337681,0.0346309298106453,6.03121873061072,0.0523076923076923
"Middle",14,0.392679709270437,8.145,4.73340242325075,-20.305,4.73538823477232,-20.265,0.013832703,0.030077067,0.016244364,264.124697333333,8.78356331590221,58.14,0.37,63.3,52.4344444444444,0,47.56,1935.2,1965.7,1952.4,1951.8,NA,TRUE,6.60000000000014,1,0.151515151515148,"2000",13.0557846371934,12.0541049397357,292.035234549373,3.0077067,0.0348699581832148,5.98413359454098,0.0560606060606049
"Middle",16,0.348390223893063,8.28,4.38782330859585,-20.74,4.34127916191939,-20.72,0.013465512,0.025146107,0.011680595,238.670002933333,8.06958706683049,57.58,0.4,56.3,55.9155555555556,0,44.0744444444444,1918.7,1955.7,1939.5,1939.2,NA,NA,6.39999999999986,1,0.156250000000003,"1900",13.8546385686286,12.594564966733,320.908006429405,2.5146107,0.033445461493734,5.81506301719287,0.0625000000000013
"Middle",18,0.330663196670447,8.13,4.36532450786148,-20.86,4.23524009351928,-20.815,0.016749629,0.031011083,0.014261455,234.627820533333,6.96592694886547,56.31,0.43,37.3,66.2955555555556,0,33.7066666666667,1903.2,1947.3,1928.1,1927.6,NA,NA,5.80000000000018,1,0.172413793103443,"1900",10.6627426288352,13.2017247514006,224.627013150926,3.1011083,0.0341244418963902,5.22110372536788,0.0741379310344804
"Middle",20,0.292679539324358,8.055,4.31760520715328,-21.545,4.27242426964264,-21.49,0.013239503,0.02414218,0.010902677,205.5835464,6.80971122649858,52.59,0.49,36,64.83,0,35.17,1886.3,1936,1913.8,1913.5,NA,NA,7.09999999999991,1,0.140845070422537,"1900",12.1231611778372,14.7519885302551,282.06695611161,2.414218,0.0344191138245445,5.16992500144231,0.0690140845070431
"Middle",22,0.224906360892177,8.035,6.50234829364866,-20.87,6.43148286775488,-21.135,0.020377536,0.038541666,0.01816413,148.550002933333,4.89114187751751,46.17,0.53,57.2,54.4666666666667,0.02,45.5077777777778,1870.8,1925.6,1900.8,1900.3,NA,NA,6.60000000000014,1,0.151515151515148,"1900",5.83540838354463,28.9113578995926,126.905304963141,3.8541666,0.0286080891054849,5.83794324189103,0.0803030303030286
"Middle",24,0.219998117693497,7.78,3.70331583483997,-20.535,3.57588955893834,-20.795,0.010553906,0.019053984,0.008500078,177.038737333333,5.91433084165236,46.49,0.64,48,58.6333333333333,0.16,41.2108333333333,1854,1913.1,1887.7,1886.7,NA,NA,6.70000000000005,1,0.149253731343283,"1900",11.5460429531953,16.8333978202461,310.398646375076,1.9053984,0.0337917108777211,5.58496250072116,0.0955223880597008
"Middle",26,0.198842059591402,7.39,2.96639835099204,-19.235,2.80204489155051,-19.46,0.009541435,0.019729113,0.010187678,174.899689066667,5.76197539690007,44.81,0.63,39.1,62.2355555555556,0,37.7688888888889,1840,1902.6,1874.4,1873.9,NA,NA,6.29999999999995,1,0.15873015873016,"1900",10.0786112174127,14.9183646412014,292.054457638317,1.9729113,0.03006491941022,5.28909670241999,0.100000000000001
"Middle",28,0.197778727869806,6.585,2.75860302879944,-18.165,2.7028872801657,-18.53,0.007469948,0.016004253,0.008534306,191.0628112,6.25151335405282,47.24,0.62,32.2,64.5555555555556,0,35.44,1827.2,1891.7,1861.3,1861,NA,NA,6.40000000000009,1,0.156249999999998,"1900",12.3578856113938,13.9479258386948,390.61575407817,1.6004253,0.0294294747070271,5.00898878322726,0.0968749999999986
"Middle",30,0.202589513180769,6.6,3.04498833929105,-16.42,3.0079152723182,-16.91,0.007930803,0.015332904,0.007402101,216.968005466667,7.22156425322902,46.92,0.71,31.9,65.5475,0,34.4566666666667,1813.3,1879.2,1848.4,1847.7,NA,NA,6.59999999999991,1,0.151515151515154,"1800",13.2127295116938,15.0303354378173,470.984769305868,1.5332904,0.034521253046003,4.99548451887751,0.107575757575759
"Middle",32,0.182812772858983,5.935,2.53053493066013,-19.475,1.59669621120355,-19.83,0.007964292,0.02826733,0.020303038,193.71546336,6.10001883550783,44.45,0.67,32.3,64.0722222222222,0,35.92,1801.1,1866.6,1835,1834.5,NA,NA,6.59999999999991,1,0.151515151515154,"1800",6.46728123451994,13.8422216953742,215.797489027362,2.826733,0.0293962938757244,5.01346225980656,0.101515151515153
"Middle",34,0.19884078444547,6.32,3.29113385229856,-14.09,3.21938315364352,-14.565,0.007792325,0.016270969,0.008478645,209.628933066667,7.00619457217524,46.04,0.67,29.6,64.7155555555556,0,35.2788888888889,1787.2,1853.2,1821.2,1821,NA,NA,6.79999999999995,1,0.147058823529413,"1800",12.2205865210283,16.5516036434725,430.59479568643,1.6270969,0.0319735981388315,4.88752527074159,0.0985294117647065
"Middle",36,0.126323835286221,6.72,4.32404576928433,-6.3,4.34458350955637,-6.19,0.007806183,0.014419733,0.00661355,123.046844,4.07634946238213,43.71,0.68,37.9,64.074,0.218666666666667,35.702,1775.2,1840.6,1807.9,1807.6,NA,NA,6.70000000000005,1,0.149253731343283,"1800",8.76048365709831,34.2298487018465,282.692436980777,1.4419733,0.0206160499187113,5.24412594328373,0.101492537313432
"Middle",38,0.198455868033904,5.535,2.95026333614267,-15.455,2.9812363523879,-15.935,0.007295382,0.017251717,0.009956335,195.6078632,6.31252070989154,43.58,0.74,29.2,64.9455555555556,0,35.0588888888889,1762.9,1827,1794.3,1794.2,TRUE,NA,6.70000000000005,1,0.149253731343283,"1800",11.5035429826437,14.8660927256565,365.906808573984,1.7251717,0.0352457621628214,4.86789646399265,0.110447761194029
"Middle",40,0.147667619326251,4.78,2.0905800838166,-18.43,2.02598398126417,-19.12,0.006797092,0.011404553,0.004607461,148.3122864,3.8577734924622,42.11,0.79,34.4,64.0777777777778,0,35.9277777777778,1750.7,1814.3,1780.1,1780.9,NA,NA,6.59999999999991,1,0.151515151515154,"1800",12.9481286400485,14.1573358692657,338.266084822632,1.1404553,0.0279977806242572,5.10433665981474,0.119696969696971
"Middle",42,0.158920733811938,4.31,2.0750728297757,-18.97,2.06729041430212,-19.195,0.004028006,0.010386442,0.006358436,160.257191733333,5.10084589612399,36.47,0.95,28.9,70.2775,0,29.7208333333333,1739.8,1798.6,1766.8,1767.6,NA,NA,6.80000000000018,1,0.147058823529408,"1800",15.3007867190649,13.0572819543564,491.106184016046,1.0386442,0.0362339273091218,4.85299758761332,0.139705882352937
"Middle",44,0.197305079614512,4.215,2.4149432366269,-19.195,2.37602133630783,-19.205,0.00685414,0.016741645,0.009887505,207.660111466667,6.84244609919175,44.67,0.72,46.9,60.155,0,39.8391666666667,1728.5,1784.9,1753,1754.1,NA,NA,6.80000000000018,1,0.147058823529408,"1800",11.7852863093509,12.2396404661508,408.708110773568,1.6741645,0.0340943177573877,5.55151601762801,0.105882352941174
"Middle",46,0.194692939495956,4.265,2.5520004301158,-20.175,2.38482560405818,-19.985,0.005552979,0.012088794,0.006535815,138.7241192,4.40965569263035,42.63,0.77,22.6,70.8088888888889,0,29.1777777777778,1718.3,1769.5,1739.6,1740.8,NA,NA,6.60000000000014,1,0.151515151515148,"1700",16.1052408946629,13.1078221774386,364.772176002863,1.2088794,0.0359792552188526,4.49825086752783,0.116666666666664
"Middle",48,0.0873794965779354,2.75,1.4209612928148,-20.605,1.46445079447323,-21.035,0.002452631,0.004377091,0.001924461,62.3049626666667,2.00875302284835,28.8,1.21,196.9,39.2066666666667,0.242222222222222,60.5566666666667,1709.4,1755.9,1726.4,1728,NA,NA,6.40000000000009,1,0.156249999999998,"1700",19.96291522793,16.2619533009945,458.924208532186,0.4377091,0.0253750058062324,7.62131930101419,0.189062499999997
"Middle",50,0.0708702198694255,1.26,1.60731356716468,-22.72,1.83011083218113,-22.56,4.9048e-06,-0.000484809,-0.000489713,12.5306853333333,0.411979465702238,18.8,1.23,242.1,32.0711111111111,0.231111111111111,67.7088888888889,1700.4,1743.6,1712.2,1715,NA,NA,6.59999999999991,1,0.151515151515154,"1700",-146.181733155584,22.6796751883382,NA,-0.0484809,0.0209208889054544,7.91945926911157,0.186363636363639
"Middle",52,0.04455129891714,-0.27,1.17746606042616,-22.915,1.27758598891019,-22.83,0.004834339,0.007953108,0.003118769,14.1596544,0.4554751270946,21.15,NA,74,60.1375,0.166666666666667,39.6841666666667,NA,NA,NA,NA,NA,NA,NA,NA,NA,NA,5.60174700471062,26.429444012757,57.2700794575655,0.7953108,NA,6.20945336562895,NA
"North",2,0.523082655002773,7.875,5.52630937546862,-21.16,5.49947789766794,-21.2,0.003454387,0.019685674,0.016231287,260.63503064,8.60835058427189,65.53,0.25,60.3,53.7716666666667,0,46.2266666666667,2009.6,2014.4,2012.5,2012.3,NA,NA,4.20000000000005,1,0.238095238095236,"2000",26.571742222429,10.5648874467828,437.29011179764,1.9685674,0.0313849593001664,5.91408609701272,0.0595238095238089
"North",3,0.452059540115076,7.955,5.03036834573921,-21.005,4.97641509433962,-21.04,0.009078757,0.02187651,0.012797754,273.986772114286,8.87377919987405,64.93,0.26,55,57.4466666666667,0.0222222222222222,42.5322222222222,2001.9,2009.1,2006.1,2005.9,NA,NA,6.39999999999986,1,0.156250000000003,"2000",20.6641525597582,11.1276677060254,405.63047761613,2.187651,0.0282085153031808,5.78135971352466,0.0406250000000009
"North",6,0.393132357646145,8.055,9.0977306337262,-20.83,4.5881178232651,-20.89,0.010383373,0.022182427,0.011799054,282.938749333333,9.3646255260415,60.56,0.39,66.6,50.73,0,49.2766666666667,1981.3,1994.4,1988.5,1988.4,NA,NA,4.59999999999991,1,0.21739130434783,"2000",17.7226936279851,23.1416479889833,422.164153906221,2.2182427,0.0367971886756792,6.0574502721839,0.0847826086956538
"North",10,0.359027630076976,8.08,6.42841506425521,-20.705,4.32821580362564,-20.54,0.012614716,0.027088099,0.014473383,239.707384266667,8.07773595874303,58.32,0.41,68.4,49.4877777777778,0.114444444444444,50.3944444444444,1964.2,1973.8,1968.6,1968.6,NA,TRUE,5.10000000000014,1,0.196078431372544,"2000",13.25407257545,17.9050706010481,298.202393558257,2.7088099,0.0353283187995744,6.09592441999854,0.0803921568627429
"North",14,0.304696902380991,8.2825,3.83196279350604,-20.8025,3.84185186986335,-20.86,0.011591469,0.02671033,0.01511886,210.284005333333,6.89422753272817,54.95,0.48,40.5,63.4755555555556,0,36.5222222222222,1930,1954.2,1944.1,1943.6,NA,NA,6.5,1,0.153846153846154,"1900",11.4074555567449,12.5763103056249,258.110908129108,2.671033,0.0351010831542901,5.33985000288462,0.0738461538461539
"North",18,0.294198831193248,8.09,3.88362427912674,-21.265,3.86429258902791,-21.3,0.011896232,0.02414865,0.012252418,184.013224266667,6.30088264843472,53.54,0.58,34.2,68.5411111111111,0,31.4444444444444,1897.5,1937.4,1919.6,1919,NA,NA,6.09999999999991,1,0.163934426229511,"1900",12.1828272467922,13.2006788177066,260.920699435982,2.414865,0.0409524773021001,5.09592441999854,0.0950819672131162
"North",22,0.228373224994843,5.765,2.64185752516325,-19.265,2.65050934195916,-19.42,0.010458534,0.018854625,0.00839609,216.3703096,7.1928153300918,49.54,0.64,26.4,74.8541666666667,0,25.1341666666667,1866.1,1916.8,1893.9,1893.4,NA,NA,6.29999999999995,1,0.15873015873016,"1900",12.1123185952965,11.5681578925153,381.488113929171,1.8854625,0.0350781273592078,4.72246602447109,0.101587301587302
"North",26,0.252941246076291,5.125,2.95540435125872,-18.89,2.88949629051152,-18.88,0.009485345,0.019047798,0.009562454,271.723615733333,9.04313198140554,51.78,0.59,25.6,72.6677777777778,0,27.3355555555556,1838.8,1895.6,1868.7,1868.3,NA,NA,6.20000000000005,1,0.161290322580644,"1900",13.2792906600695,11.6841535222268,474.759968653886,1.9047798,0.0358164804444028,4.67807190511264,0.0951612903225799
"North",30,0.251992470165126,4.825,3.08893119230708,-19.535,3.07027391109115,-19.37,0.008439572,0.019490944,0.011051372,249.143549066667,8.1339157417481,51.33,0.62,23.9,74.0066666666667,0,25.9911111111111,1813,1874.1,1843.7,1843.8,NA,NA,6.10000000000014,1,0.163934426229505,"1800",12.928694996257,12.2580297351066,417.317690808003,1.9490944,0.0374964795605708,4.57893871309339,0.101639344262293
"North",34,0.263361473343116,4.4925,3.20905804078055,-19.7325,3.19192540219285,-19.77,0.009468708,0.021066635,0.011597927,241.911919733333,7.74626469687538,49.89,0.57,19.9,78.8888888888889,0.00888888888888889,21.0888888888889,1789.6,1850.9,1818.9,1819.2,NA,NA,6.09999999999991,1,0.163934426229511,"1800",12.5013545515511,12.1849942592008,367.702990860922,2.1066635,0.0360278495533383,4.31469652565629,0.0934426229508211
"North",38,0.289230661733838,4.11,5.77865029686963,-20.165,3.96693451556294,-20.35,0.011043159,0.019825389,0.00878223,251.113171733333,7.94245428078021,52.35,0.5,29,74.2644444444445,0,25.7233333333333,1766.4,1825.7,1794.2,1794.4,TRUE,NA,6.09999999999991,1,0.163934426229511,"1800",14.5889022270301,19.979383452047,400.620350036018,1.9825389,0.0347076794080605,4.85798099512757,0.0819672131147553
"North",42,0.320314756265762,3.48,8.60986610125605,-19.86,4.68568665377176,-19.72,0.011062867,0.017985497,0.00692263,194.807998133333,6.36151328923676,50.87,0.55,26.5,71.1488888888889,0,28.85,1744.9,1798.8,1769.4,1770,NA,NA,6.09999999999991,1,0.163934426229511,"1800",17.8096138386258,26.879392637511,353.702390833946,1.7985497,0.0422815478270806,4.7279204545632,0.0901639344262309
"North",46,0.294064375882307,3.55,6.14222390163109,-19.77,4.11620188784966,-19.85,0.010469799,0.022964468,0.012494669,196.0194112,6.59754126392513,49.67,0.57,24.1,74.4988888888889,0,25.5066666666667,1724.4,1771.1,1744.3,1745.1,NA,NA,6.20000000000005,1,0.161290322580644,"1700",12.8051899953575,20.8873444231456,287.293451079517,2.2964468,0.0402280066206996,4.5909612413426,0.0919354838709671
"North",50,0.281481770937144,3.5,8.42940735876331,-20.88,4.22616471945767,-20.76,0.009508236,0.016077868,0.006569631,204.298234933333,5.51015347167173,49.16,0.53,25.3,72.9544444444444,0,27.0388888888889,1706.2,1745.4,1717.7,1720,NA,NA,6.29999999999995,1,0.15873015873016,"1700",17.5074065129247,29.9465479796403,342.716675598514,1.6077868,0.0358044812632047,4.66106547980695,0.0841269841269847
"South",0,0.561428189915147,8.245,6.51104353531855,-21.135,6.36905457371434,-21.07,0.015738945,0.037141547,0.021402602,305.695651466667,10.3373517409433,67.68,NA,54.8,57.1488888888889,0.0711111111111111,42.7622222222222,1968.9,1978.8,1973.4,1973.5,NA,NA,4.20000000000005,1,0.238095238095236,"2000",15.1159075284383,11.5972864424614,278.323133415615,3.7141547,NA,5.77610398807316,NA
"South",1,0.427604305233961,7.85,4.92401808217961,-20.575,4.88423159985383,-20.62,0.012539343,0.024584566,0.012045223,279.394129466667,9.1772220332743,62.37,0.45,36.3,68.3822222222222,0,31.61,1966,1974.5,1969.9,1970,NA,NA,3.5,1,0.285714285714286,"2000",17.3932012968608,11.5153613326823,373.292009030149,2.4584566,0.0461812649652678,5.18189764310839,0.128571428571429
"South",2,0.400981735978648,7.79,4.79532313027963,-20.79,4.69747288792115,-20.78,0.04873971,0.0203757,-0.02836401,253.254122533333,8.34134728472071,59.59,0.4,41.6,63.3522222222222,0,36.6355555555556,1962.8,1969.4,1965.8,1965.9,NA,TRUE,4.09999999999991,1,0.243902439024396,"2000",19.6794090990075,11.9589564810877,409.377213284486,2.03757,0.0384942466539502,5.37851162325373,0.0975609756097583
"South",3,0.376360459532796,7.845,4.5829877698819,-20.775,4.5117297166338,-20.77,0.010987877,0.026087467,0.015099589,275.181620266667,9.06555498248408,58.45,0.4,38.8,66.3266666666667,0,33.6766666666667,1956.1,1963.2,1959.9,1959.8,NA,NA,6.10000000000014,1,0.163934426229505,"2000",14.4268686389827,12.1771234299456,347.506140879223,2.6087467,0.0361306041151484,5.27798474729977,0.0655737704918018
"South",4,0.349924361697753,7.875,4.29435754210357,-20.6,4.28590083619403,-20.66,0.014772569,0.025601701,0.010829132,268.7943152,8.52517962045917,68.1,0.47,44.8,60.3822222222222,0.0277777777777778,39.5988888888889,1944,1958.5,1952.7,1952.3,NA,NA,7.5,1,0.133333333333333,"2000",13.6680122034764,12.2722451253989,332.992703119967,2.5601701,0.0394714679995065,5.48542682717024,0.0626666666666667
"South",6,0.348675005438953,7.845,4.19673170456665,-20.405,4.15848421785358,-20.46,0.011441211,0.031744737,0.020303526,258.628679066667,8.48599330667347,55.74,0.46,34.6,67.6477777777778,0,32.3633333333333,1926,1949.3,1940,1939.4,NA,NA,6.39999999999986,1,0.156250000000003,"1900",10.9837106364735,12.0362275445678,267.319691660179,3.1744737,0.0384937206004604,5.11270013274936,0.0718750000000015
"South",8,0.327068779809529,7.77,3.95661544938574,-20.405,3.76674383147082,-20.35,0.016835122,0.026659482,0.009824359,237.8254784,8.07929672241459,56.58,0.5,25.6,73.6277777777778,0,26.3733333333333,1907.6,1939.4,1925.5,1925.1,NA,NA,7.20000000000005,1,0.138888888888888,"1900",12.2683846523923,12.0971969617213,303.055277758757,2.6659482,0.0392482535771435,4.67807190511264,0.069444444444444
"South",10,0.276668167138999,7.425,3.46000682167581,-20.44,3.37018420066659,-20.38,0.011502233,0.021714032,0.0102118,231.176224533333,7.56789146495809,53.24,0.52,32,68.8255555555556,0,31.1666666666667,1888.5,1930.2,1911.6,1911,NA,NA,6.90000000000009,1,0.144927536231882,"1900",12.7414460446129,12.5059809281835,348.525389709202,2.1714032,0.0345281872589471,5,0.0753623188405787
"South",12,0.256841398162835,7.42,3.16290723536559,-20.115,3.09036614900526,-20.41,0.015832805,0.019563524,0.003730719,238.912726133333,7.46173729843831,53.45,0.54,24.6,76.0066666666667,0,23.9833333333333,1873.1,1921,1898.9,1898.7,NA,NA,6,1,0.166666666666667,"1900",13.128585533099,12.3146317454647,381.410695661902,1.9563524,0.0332866452019035,4.62058641045188,0.09
"South",14,0.238636408138961,7.225,2.98714753216034,-19.49,2.90881345547625,-19.815,0.01166854,0.022979276,0.011310736,259.473504,8.28784732625587,53.04,0.56,36,66.9822222222222,0,33.0088888888889,1858.8,1911.9,1887.2,1886.9,NA,NA,5.89999999999986,1,0.169491525423733,"1900",10.3848532102996,12.5175682765929,360.666163992977,2.2979276,0.0320727332538763,5.16992500144231,0.0949152542372903
"South",16,0.276912845545268,7.075,3.44126196324051,-20.205,3.71957843157183,-20.3,0.013315038,0.023079048,0.00976401,259.7474688,8.2843487624424,52.56,0.49,31,68.3622222222222,0,31.6411111111111,1843.1,1901.4,1874.6,1874.1,NA,NA,6.60000000000014,1,0.151515151515148,"1900",11.9984518228511,12.4272384564332,358.955393759847,2.3079048,0.0325649506361235,4.95419631038687,0.0742424242424227
"South",18,0.250745526010238,6.435,2.96259713576777,-19.29,2.92908948425543,-19.425,0.025386523,0.024499972,-0.000886551,247.28303168,8.22087497742581,53.51,0.5,37.2,65.7588888888889,0,34.2477777777778,1828.5,1888.7,1860.5,1860.2,NA,NA,7,1,0.142857142857143,"1900",10.2345229623217,11.8151545230235,335.546300927438,2.4499972,0.0300894631212285,5.21723071622067,0.0714285714285714
"South",20,0.27734108342951,6.81,3.4982023225796,-20.11,3.73519952227456,-20.83,0.01693729,0.020035497,0.003098206,174.4894428,5.84556800594556,53.01,0.57,30.3,70.3644444444444,0,29.6233333333333,1814.4,1876.1,1846.4,1846.4,NA,NA,6.89999999999986,1,0.144927536231887,"1800",13.8424858354904,12.6133578167431,291.760569051297,2.0035497,0.037940260213157,4.92124588858559,0.0826086956521755
"South",22,0.247599698623561,5.63,3.38893535919765,-20.495,3.25734690087182,-20.1,0.009555311,0.023094027,0.013538716,217.592136533333,7.68324875587877,51.54,0.55,30.9,69.3055555555556,0,30.6866666666667,1799.6,1864.2,1833.3,1833.2,NA,NA,6.59999999999991,1,0.151515151515154,"1800",10.7213739129846,13.6871546210968,332.69419646382,2.3094027,0.0326831602183101,4.94953493301701,0.0833333333333345
"South",24,0.246959201323014,4.96,3.20755709835622,-19.585,3.16670520322455,-19.5,0.018313781,0.021194814,0.002881033,225.717355733333,6.68903195107684,50.86,0.58,37.6,64.8711111111111,0.0211111111111111,35.1,1785.7,1851.1,1820.2,1820,NA,NA,6.59999999999991,1,0.151515151515154,"1800",11.6518692413632,12.9882064777204,315.597577363823,2.1194814,0.0343767208241636,5.23266075679027,0.0878787878787891
"South",26,0.246734091829974,5.255,3.16518228741865,-19.555,2.9998300049039,-19.465,0.009106661,0.020781954,0.011675293,238.559455733333,7.30006753271563,51.2,0.58,27,74.2477777777778,0,25.7455555555556,1773.2,1839.6,1807,1807,NA,NA,6.5,1,0.153846153846154,"1800",11.8725165030186,12.8283135254766,351.269545333207,2.0781954,0.0343453855827323,4.75488750216347,0.0892307692307692
"South",28,0.253015812523164,4.695,3.24789805196238,-19.705,3.22727815166431,-19.45,0.017607605,0.017503848,-0.000103757,232.3852344,7.84149131576882,51.17,0.58,24.5,73.1677777777778,0,26.8322222222222,1760.3,1826.1,1793.7,1793.9,NA,NA,6.59999999999991,1,0.151515151515154,"1800",14.4548680109176,12.8367394099728,447.986712165737,1.7503848,0.0352198011032245,4.61470984411521,0.0878787878787891
"South",30,0.269664208913065,4.915,3.45533931781557,-19.535,4.29237667048797,-20.29,0.008821592,0.018072422,0.00925083,248.619651466667,8.16817617607935,52.06,0.57,25.9,70.6244444444444,0,29.3833333333333,1747.8,1813.7,1780.8,1781.1,NA,NA,6.40000000000009,1,0.156249999999998,"1800",14.9213098782811,12.8134887894207,451.969092802246,1.8072422,0.0368900637793073,4.69488019279919,0.0890624999999987
"South",32,0.281260425786064,3.6,4.43487049073679,-21.08,5.64304022624918,-21.63,0.014944309,0.016627052,0.001682743,200.901512,6.34407649294248,51.6,0.62,38.6,61.0966666666667,0,38.9066666666667,1737.8,1800.7,1767.8,1768.1,TRUE,NA,6.60000000000014,1,0.151515151515148,"1800",16.915832451,15.767843906025,381.551491686108,1.6627052,0.0418515513569664,5.27052894238072,0.093939393939392
"South",34,0.326882202858429,3.205,5.71473204847675,-21.34,5.11912981021222,-21.495,0.007261959,0.016425207,0.009163248,159.34561792,5.32060682001337,53.07,0.54,49.1,55.4033333333333,0.0411111111111111,44.5566666666667,1724.5,1787.3,1754.7,1755.1,NA,NA,6.5,1,0.153846153846154,"1800",19.9012531688903,17.4825426361673,323.929361743409,1.6425207,0.0423639334904523,5.61765111942733,0.0830769230769231
"South",36,0.332769760603919,2.905,5.90185157935383,-21.47,NA,NA,0.012402511,0.01618194,0.003779429,143.091734933333,4.75569533431332,53.71,0.59,73.8,48.8833333333333,0,51.1066666666667,1713.6,1774.5,1741.3,1741.7,NA,NA,6.70000000000005,1,0.149253731343283,"1700",20.5642685984449,17.7355405390291,293.889072281403,1.618194,0.0471201981015149,6.20554891117303,0.0880597014925367
"South",38,0.398166578214876,2.325,7.4491305491383,-21.585,7.31842032587683,-21.43,0.006382834,0.015929551,0.009546717,131.4394192,3.58969567819883,59.91,0.45,137.6,37.9511111111111,0.00666666666666667,62.0222222222222,1701.9,1760.6,1727.6,1728.4,NA,NA,6.59999999999991,1,0.151515151515154,"1700",24.9954677451283,18.7085781597628,225.34820210556,1.5929551,0.0430019904472066,7.10433665981474,0.0681818181818191
"South",40,0.598009359276061,1.605,12.5374132712558,-21.58,NA,NA,0.002870588,0.012691442,0.009820855,90.6949656,2.61311471280301,74.94,0.29,165.8,33.2222222222222,0.156666666666667,66.6088888888889,1691.8,1746.4,1714.1,1715.3,NA,NA,6.5,1,0.153846153846154,"1700",47.1191027210352,20.9652459059058,205.895808593145,1.2691442,0.0416214514056138,7.37330019660839,0.0446153846153846
"South",40,0.598009359276061,1.605,12.5374132712558,-21.58,NA,NA,0.002870588,0.012691442,0.009820855,90.6949656,2.61311471280301,74.94,0.29,165.8,33.2222222222222,0.156666666666667,66.6088888888889,1691.8,1746.4,1714.1,1715.3,NA,NA,6.5,1,0.153846153846154,"1700",47.1191027210352,20.9652459059058,205.895808593145,1.2691442,0.0416214514056138,7.37330019660839,0.0446153846153846
"South",42,0.938280324141719,0.8,20.3729145856475,-22.025,20.497803806735,-21.66,-7.93281e-05,0.009070367,0.009149696,60.5430165333333,1.93665241551328,82.52,0.18,252,18.6011111111111,0.551111111111111,80.8522222222222,1682.1,1731.8,1701.3,1702.8,NA,NA,6.20000000000005,1,0.161290322580644,"1700",103.444582136723,21.7130361379829,213.514228863427,0.9070367,0.0405337100029223,7.97727992349992,0.0290322580645159
"South",44,1.91029798423098,0.35,37.4195853200274,-22.22,NA,NA,-0.000135334,0.006761815,0.006897149,12.0582562666667,0.318406718213718,83.73,0.16,239,15.1166666666667,0.522222222222222,84.3533333333333,1672.4,1719.4,1688.8,1690.5,NA,NA,6.20000000000005,1,0.161290322580644,"1700",282.512607078274,19.588349895627,47.0889425714424,0.6761815,0.0733554425944697,7.90086680798075,0.025806451612903
"South",46,1.66505502410391,0.29,33.0910451839051,-21.36,NA,NA,-0.000567994,0.005973545,0.00654154,22.7262613333333,0.757603138363971,85.12,NA,225.2,16.1766666666667,0.121111111111111,83.6988888888889,NA,NA,NA,NA,NA,NA,NA,NA,NA,NA,278.738173748405,19.873844830872,126.826388411566,0.5973545,NA,7.81506301719287,NA
