Grain size,Size (μm),AC2_4_R1,AC2_4_R1,AC2_4_R1,AC2_4_R2,AC2_4_R2,AC2_4_R2,AC2_4_R3,AC2_4_R3,AC2_4_R3,AC2_6_R1,AC2_6_R1,AC2_6_R1,AC2_6_R2,AC2_6_R2,AC2_6_R2,AC2_6_R3,AC2_6_R3,AC2_6_R3,AC2_8_R1,AC2_8_R1,AC2_8_R1,AC2_8_R2,AC2_8_R2,AC2_8_R2,AC2_8_R3,AC2_8_R3,AC2_8_R3,AC2_10_R1,AC2_10_R1,AC2_10_R1,AC2_10_R2,AC2_10_R2,AC2_10_R2,AC2_10_R3,AC2_10_R3,AC2_10_R3,AC2_12_R1,AC2_12_R1,AC2_12_R1,AC2_12_R2,AC2_12_R2,AC2_12_R2,AC2_12_R3,AC2_12_R3,AC2_12_R3,AC2_14_R1,AC2_14_R1,AC2_14_R1,AC2_14_R2,AC2_14_R2,AC2_14_R2,AC2_14_R3,AC2_14_R3,AC2_14_R3,AC2_16_R1,AC2_16_R1,AC2_16_R1,AC2_16_R2,AC2_16_R2,AC2_16_R2,AC2_16_R3,AC2_16_R3,AC2_16_R3,AC2_18_R1,AC2_18_R1,AC2_18_R1,AC2_18_R2,AC2_18_R2,AC2_18_R2,AC2_18_R3,AC2_18_R3,AC2_18_R3,AC2_20_R1,AC2_20_R1,AC2_20_R1,AC2_20_R2,AC2_20_R2,AC2_20_R2,AC2_20_R2,AC2_20_R3,AC2_20_R3,AC2_20_R3,AC2_22_R1,AC2_22_R1,AC2_22_R1,AC2_22_R2,AC2_22_R2,AC2_22_R2,AC2_22_R3,AC2_22_R3,AC2_22_R3,AC2_22_R4,AC2_22_R4,AC2_22_R4,AC2_24_R1,AC2_24_R1,AC2_24_R1,AC2_24_R2,AC2_24_R2,AC2_24_R2,AC2_24_R3,AC2_24_R3,AC2_24_R3,AC2_26_R1,AC2_26_R1,AC2_26_R1,AC2_26_R2,AC2_26_R2,AC2_26_R2,AC2_26_R3,AC2_26_R3,AC2_26_R3,AC2_28_R1,AC2_28_R1,AC2_28_R1,AC2_28_R2,AC2_28_R2,AC2_28_R2,AC2_28_R3,AC2_28_R3,AC2_28_R3,AC2_28_R4,AC2_28_R4,AC2_28_R4,AC2_30_R1,AC2_30_R1,AC2_30_R1,AC2_30_R2,AC2_30_R2,AC2_30_R2,AC2_30_R3,AC2_30_R3,AC2_30_R3,AC2_32_R1,AC2_32_R1,AC2_32_R1,AC2_32_R2,AC2_32_R2,AC2_32_R2,AC2_32_R3,AC2_32_R3,AC2_32_R3,AC2_34_R1,AC2_34_R1,AC2_34_R1,AC2_34_R2,AC2_34_R2,AC2_34_R2,AC2_34_R3,AC2_34_R3,AC2_34_R3,AC2_36_R1,AC2_36_R1,AC2_36_R1,AC2_36_R2,AC2_36_R2,AC2_36_R2,AC2_36_R3,AC2_36_R3,AC2_36_R3,AC2_38_R1,AC2_38_R1,AC2_38_R1,AC2_38_R2,AC2_38_R2,AC2_38_R2,AC2_38_R3,AC2_38_R3,AC2_38_R3,AC2_40_R1,AC2_40_R1,AC2_40_R1,AC2_40_R2,AC2_40_R2,AC2_40_R2,AC2_40_R3,AC2_40_R3,AC2_40_R3,AC2_40_R4,AC2_40_R4,AC2_40_R4,AC2_42_R1,AC2_42_R1,AC2_42_R1,AC2_42_R2,AC2_42_R2,AC2_42_R2,AC2_42_R3,AC2_42_R3,AC2_42_R3,AC2_44_R1,AC2_44_R1,AC2_44_R1,AC2_44_R2,AC2_44_R2,AC2_44_R2,AC2_44_R3,AC2_44_R3,AC2_44_R3,AC2_44_R3,AC2_44_R3,AC2_44_R3,AC2_46_R2,AC2_46_R2,AC2_46_R2,AC2_46_R3,AC2_46_R3,AC2_46_R3,AC2_48_R1,AC2_48_R1,AC2_48_R1,AC2_48_R2,AC2_48_R2,AC2_48_R2,AC2_48_R3,AC2_48_R3,AC2_48_R3,AC2_48_R4,AC2_48_R4,AC2_48_R4,AC2_50_R1,AC2_50_R1,AC2_50_R1,AC2_50_R2,AC2_50_R2,AC2_50_R2,AC2_50_R3,AC2_50_R3,AC2_50_R3,AC2_52_R1,AC2_52_R1,AC2_52_R1,AC2_52_R2,AC2_52_R2,AC2_52_R2,AC2_52_R3,AC2_52_R3,AC2_52_R3,AC2_0_R1,AC2_0_R1,AC2_0_R1,AC2_0_R2,AC2_0_R2,AC2_0_R2,AC2_1_R1,AC2_1_R1,AC2_1_R1,AC2_1_R2,AC2_1_R2,AC2_1_R2,AC2_1_R3,AC2_1_R3,AC2_1_R3,AC2_2_R1,AC2_2_R1,AC2_2_R1,AC2_2_R2,AC2_2_R2,AC2_2_R2,AC2_3_R1,AC2_3_R1,AC2_3_R1,AC2_3_R2,AC2_3_R2,AC2_3_R2,AC2_3_R3,AC2_3_R3,AC2_3_R3
% clay,0.01,0,0,0,0,0,0,0,0,0,0,0,0,0,0,0,0,0,0,0,0,0,0,0,0,0,0,0,0,0,0,0,0,0,0,0,0,0,0,0,0,0,0,0,0,0,0,0,0,0,0,0,0,0,0,0,0,0,0,0,0,0,0,0,0,0,0,0,0,0,0,0,0,0,0,0,0,0,0,0,0,0,0,0,0,0,0,0,0,0,0,0,0,0,0,0,0,0,0,0,0,0,0,0,0,0,0,0,0,0,0,0,0,0,0,0,0,0,0,0,0,0,0,0,0,0,0,0,0,0,0,0,0,0,0,0,0,0,0,0,0,0,0,0,0,0,0,0,0,0,0,0,0,0,0,0,0,0,0,0,0,0,0,0,0,0,0,0,0,0,0,0,0,0,0,0,0,0,0,0,0,0,0,0,0,0,0,0,0,0,0,0,0,0,0,0,0,0,0,0,0,0,0,0,0,0,0,0,0,0,0,0,0,0,0,0,0,0,0,0,0,0,0,0,0,0,0,0,0,0,0,0,0,0,0,0,0,0,0,0,0,0,0,0,0,0,0,0,0,0,0,0,0,0,0,0,0,0,0,0,0,0,0,0,0,0,0,0,0
% clay,0.0114,0,0,0,0,0,0,0,0,0,0,0,0,0,0,0,0,0,0,0,0,0,0,0,0,0,0,0,0,0,0,0,0,0,0,0,0,0,0,0,0,0,0,0,0,0,0,0,0,0,0,0,0,0,0,0,0,0,0,0,0,0,0,0,0,0,0,0,0,0,0,0,0,0,0,0,0,0,0,0,0,0,0,0,0,0,0,0,0,0,0,0,0,0,0,0,0,0,0,0,0,0,0,0,0,0,0,0,0,0,0,0,0,0,0,0,0,0,0,0,0,0,0,0,0,0,0,0,0,0,0,0,0,0,0,0,0,0,0,0,0,0,0,0,0,0,0,0,0,0,0,0,0,0,0,0,0,0,0,0,0,0,0,0,0,0,0,0,0,0,0,0,0,0,0,0,0,0,0,0,0,0,0,0,0,0,0,0,0,0,0,0,0,0,0,0,0,0,0,0,0,0,0,0,0,0,0,0,0,0,0,0,0,0,0,0,0,0,0,0,0,0,0,0,0,0,0,0,0,0,0,0,0,0,0,0,0,0,0,0,0,0,0,0,0,0,0,0,0,0,0,0,0,0,0,0,0,0,0,0,0,0,0,0,0,0,0,0,0
% clay,0.0129,0,0,0,0,0,0,0,0,0,0,0,0,0,0,0,0,0,0,0,0,0,0,0,0,0,0,0,0,0,0,0,0,0,0,0,0,0,0,0,0,0,0,0,0,0,0,0,0,0,0,0,0,0,0,0,0,0,0,0,0,0,0,0,0,0,0,0,0,0,0,0,0,0,0,0,0,0,0,0,0,0,0,0,0,0,0,0,0,0,0,0,0,0,0,0,0,0,0,0,0,0,0,0,0,0,0,0,0,0,0,0,0,0,0,0,0,0,0,0,0,0,0,0,0,0,0,0,0,0,0,0,0,0,0,0,0,0,0,0,0,0,0,0,0,0,0,0,0,0,0,0,0,0,0,0,0,0,0,0,0,0,0,0,0,0,0,0,0,0,0,0,0,0,0,0,0,0,0,0,0,0,0,0,0,0,0,0,0,0,0,0,0,0,0,0,0,0,0,0,0,0,0,0,0,0,0,0,0,0,0,0,0,0,0,0,0,0,0,0,0,0,0,0,0,0,0,0,0,0,0,0,0,0,0,0,0,0,0,0,0,0,0,0,0,0,0,0,0,0,0,0,0,0,0,0,0,0,0,0,0,0,0,0,0,0,0,0,0
% clay,0.0147,0,0,0,0,0,0,0,0,0,0,0,0,0,0,0,0,0,0,0,0,0,0,0,0,0,0,0,0,0,0,0,0,0,0,0,0,0,0,0,0,0,0,0,0,0,0,0,0,0,0,0,0,0,0,0,0,0,0,0,0,0,0,0,0,0,0,0,0,0,0,0,0,0,0,0,0,0,0,0,0,0,0,0,0,0,0,0,0,0,0,0,0,0,0,0,0,0,0,0,0,0,0,0,0,0,0,0,0,0,0,0,0,0,0,0,0,0,0,0,0,0,0,0,0,0,0,0,0,0,0,0,0,0,0,0,0,0,0,0,0,0,0,0,0,0,0,0,0,0,0,0,0,0,0,0,0,0,0,0,0,0,0,0,0,0,0,0,0,0,0,0,0,0,0,0,0,0,0,0,0,0,0,0,0,0,0,0,0,0,0,0,0,0,0,0,0,0,0,0,0,0,0,0,0,0,0,0,0,0,0,0,0,0,0,0,0,0,0,0,0,0,0,0,0,0,0,0,0,0,0,0,0,0,0,0,0,0,0,0,0,0,0,0,0,0,0,0,0,0,0,0,0,0,0,0,0,0,0,0,0,0,0,0,0,0,0,0,0
% clay,0.0167,0,0,0,0,0,0,0,0,0,0,0,0,0,0,0,0,0,0,0,0,0,0,0,0,0,0,0,0,0,0,0,0,0,0,0,0,0,0,0,0,0,0,0,0,0,0,0,0,0,0,0,0,0,0,0,0,0,0,0,0,0,0,0,0,0,0,0,0,0,0,0,0,0,0,0,0,0,0,0,0,0,0,0,0,0,0,0,0,0,0,0,0,0,0,0,0,0,0,0,0,0,0,0,0,0,0,0,0,0,0,0,0,0,0,0,0,0,0,0,0,0,0,0,0,0,0,0,0,0,0,0,0,0,0,0,0,0,0,0,0,0,0,0,0,0,0,0,0,0,0,0,0,0,0,0,0,0,0,0,0,0,0,0,0,0,0,0,0,0,0,0,0,0,0,0,0,0,0,0,0,0,0,0,0,0,0,0,0,0,0,0,0,0,0,0,0,0,0,0,0,0,0,0,0,0,0,0,0,0,0,0,0,0,0,0,0,0,0,0,0,0,0,0,0,0,0,0,0,0,0,0,0,0,0,0,0,0,0,0,0,0,0,0,0,0,0,0,0,0,0,0,0,0,0,0,0,0,0,0,0,0,0,0,0,0,0,0,0
% clay,0.0189,0,0,0,0,0,0,0,0,0,0,0,0,0,0,0,0,0,0,0,0,0,0,0,0,0,0,0,0,0,0,0,0,0,0,0,0,0,0,0,0,0,0,0,0,0,0,0,0,0,0,0,0,0,0,0,0,0,0,0,0,0,0,0,0,0,0,0,0,0,0,0,0,0,0,0,0,0,0,0,0,0,0,0,0,0,0,0,0,0,0,0,0,0,0,0,0,0,0,0,0,0,0,0,0,0,0,0,0,0,0,0,0,0,0,0,0,0,0,0,0,0,0,0,0,0,0,0,0,0,0,0,0,0,0,0,0,0,0,0,0,0,0,0,0,0,0,0,0,0,0,0,0,0,0,0,0,0,0,0,0,0,0,0,0,0,0,0,0,0,0,0,0,0,0,0,0,0,0,0,0,0,0,0,0,0,0,0,0,0,0,0,0,0,0,0,0,0,0,0,0,0,0,0,0,0,0,0,0,0,0,0,0,0,0,0,0,0,0,0,0,0,0,0,0,0,0,0,0,0,0,0,0,0,0,0,0,0,0,0,0,0,0,0,0,0,0,0,0,0,0,0,0,0,0,0,0,0,0,0,0,0,0,0,0,0,0,0,0
% clay,0.0215,0,0,0,0,0,0,0,0,0,0,0,0,0,0,0,0,0,0,0,0,0,0,0,0,0,0,0,0,0,0,0,0,0,0,0,0,0,0,0,0,0,0,0,0,0,0,0,0,0,0,0,0,0,0,0,0,0,0,0,0,0,0,0,0,0,0,0,0,0,0,0,0,0,0,0,0,0,0,0,0,0,0,0,0,0,0,0,0,0,0,0,0,0,0,0,0,0,0,0,0,0,0,0,0,0,0,0,0,0,0,0,0,0,0,0,0,0,0,0,0,0,0,0,0,0,0,0,0,0,0,0,0,0,0,0,0,0,0,0,0,0,0,0,0,0,0,0,0,0,0,0,0,0,0,0,0,0,0,0,0,0,0,0,0,0,0,0,0,0,0,0,0,0,0,0,0,0,0,0,0,0,0,0,0,0,0,0,0,0,0,0,0,0,0,0,0,0,0,0,0,0,0,0,0,0,0,0,0,0,0,0,0,0,0,0,0,0,0,0,0,0,0,0,0,0,0,0,0,0,0,0,0,0,0,0,0,0,0,0,0,0,0,0,0,0,0,0,0,0,0,0,0,0,0,0,0,0,0,0,0,0,0,0,0,0,0,0,0
% clay,0.0244,0,0,0,0,0,0,0,0,0,0,0,0,0,0,0,0,0,0,0,0,0,0,0,0,0,0,0,0,0,0,0,0,0,0,0,0,0,0,0,0,0,0,0,0,0,0,0,0,0,0,0,0,0,0,0,0,0,0,0,0,0,0,0,0,0,0,0,0,0,0,0,0,0,0,0,0,0,0,0,0,0,0,0,0,0,0,0,0,0,0,0,0,0,0,0,0,0,0,0,0,0,0,0,0,0,0,0,0,0,0,0,0,0,0,0,0,0,0,0,0,0,0,0,0,0,0,0,0,0,0,0,0,0,0,0,0,0,0,0,0,0,0,0,0,0,0,0,0,0,0,0,0,0,0,0,0,0,0,0,0,0,0,0,0,0,0,0,0,0,0,0,0,0,0,0,0,0,0,0,0,0,0,0,0,0,0,0,0,0,0,0,0,0,0,0,0,0,0,0,0,0,0,0,0,0,0,0,0,0,0,0,0,0,0,0,0,0,0,0,0,0,0,0,0,0,0,0,0,0,0,0,0,0,0,0,0,0,0,0,0,0,0,0,0,0,0,0,0,0,0,0,0,0,0,0,0,0,0,0,0,0,0,0,0,0,0,0,0
% clay,0.0278,0,0,0,0,0,0,0,0,0,0,0,0,0,0,0,0,0,0,0,0,0,0,0,0,0,0,0,0,0,0,0,0,0,0,0,0,0,0,0,0,0,0,0,0,0,0,0,0,0,0,0,0,0,0,0,0,0,0,0,0,0,0,0,0,0,0,0,0,0,0,0,0,0,0,0,0,0,0,0,0,0,0,0,0,0,0,0,0,0,0,0,0,0,0,0,0,0,0,0,0,0,0,0,0,0,0,0,0,0,0,0,0,0,0,0,0,0,0,0,0,0,0,0,0,0,0,0,0,0,0,0,0,0,0,0,0,0,0,0,0,0,0,0,0,0,0,0,0,0,0,0,0,0,0,0,0,0,0,0,0,0,0,0,0,0,0,0,0,0,0,0,0,0,0,0,0,0,0,0,0,0,0,0,0,0,0,0,0,0,0,0,0,0,0,0,0,0,0,0,0,0,0,0,0,0,0,0,0,0,0,0,0,0,0,0,0,0,0,0,0,0,0,0,0,0,0,0,0,0,0,0,0,0,0,0,0,0,0,0,0,0,0,0,0,0,0,0,0,0,0,0,0,0,0,0,0,0,0,0,0,0,0,0,0,0,0,0,0
% clay,0.0315,0,0,0,0,0,0,0,0,0,0,0,0,0,0,0,0,0,0,0,0,0,0,0,0,0,0,0,0,0,0,0,0,0,0,0,0,0,0,0,0,0,0,0,0,0,0,0,0,0,0,0,0,0,0,0,0,0,0,0,0,0,0,0,0,0,0,0,0,0,0,0,0,0,0,0,0,0,0,0,0,0,0,0,0,0,0,0,0,0,0,0,0,0,0,0,0,0,0,0,0,0,0,0,0,0,0,0,0,0,0,0,0,0,0,0,0,0,0,0,0,0,0,0,0,0,0,0,0,0,0,0,0,0,0,0,0,0,0,0,0,0,0,0,0,0,0,0,0,0,0,0,0,0,0,0,0,0,0,0,0,0,0,0,0,0,0,0,0,0,0,0,0,0,0,0,0,0,0,0,0,0,0,0,0,0,0,0,0,0,0,0,0,0,0,0,0,0,0,0,0,0,0,0,0,0,0,0,0,0,0,0,0,0,0,0,0,0,0,0,0,0,0,0,0,0,0,0,0,0,0,0,0,0,0,0,0,0,0,0,0,0,0,0,0,0,0,0,0,0,0,0,0,0,0,0,0,0,0,0,0,0,0,0,0,0,0,0,0
% clay,0.0358,0,0,0,0,0,0,0,0,0,0,0,0,0,0,0,0,0,0,0,0,0,0,0,0,0,0,0,0,0,0,0,0,0,0,0,0,0,0,0,0,0,0,0,0,0,0,0,0,0,0,0,0,0,0,0,0,0,0,0,0,0,0,0,0,0,0,0,0,0,0,0,0,0,0,0,0,0,0,0,0,0,0,0,0,0,0,0,0,0,0,0,0,0,0,0,0,0,0,0,0,0,0,0,0,0,0,0,0,0,0,0,0,0,0,0,0,0,0,0,0,0,0,0,0,0,0,0,0,0,0,0,0,0,0,0,0,0,0,0,0,0,0,0,0,0,0,0,0,0,0,0,0,0,0,0,0,0,0,0,0,0,0,0,0,0,0,0,0,0,0,0,0,0,0,0,0,0,0,0,0,0,0,0,0,0,0,0,0,0,0,0,0,0,0,0,0,0,0,0,0,0,0,0,0,0,0,0,0,0,0,0,0,0,0,0,0,0,0,0,0,0,0,0,0,0,0,0,0,0,0,0,0,0,0,0,0,0,0,0,0,0,0,0,0,0,0,0,0,0,0,0,0,0,0,0,0,0,0,0,0,0,0,0,0,0,0,0,0
% clay,0.0407,0,0,0,0,0,0,0,0,0,0,0,0,0,0,0,0,0,0,0,0,0,0,0,0,0,0,0,0,0,0,0,0,0,0,0,0,0,0,0,0,0,0,0,0,0,0,0,0,0,0,0,0,0,0,0,0,0,0,0,0,0,0,0,0,0,0,0,0,0,0,0,0,0,0,0,0,0,0,0,0,0,0,0,0,0,0,0,0,0,0,0,0,0,0,0,0,0,0,0,0,0,0,0,0,0,0,0,0,0,0,0,0,0,0,0,0,0,0,0,0,0,0,0,0,0,0,0,0,0,0,0,0,0,0,0,0,0,0,0,0,0,0,0,0,0,0,0,0,0,0,0,0,0,0,0,0,0,0,0,0,0,0,0,0,0,0,0,0,0,0,0,0,0,0,0,0,0,0,0,0,0,0,0,0,0,0,0,0,0,0,0,0,0,0,0,0,0,0,0,0,0,0,0,0,0,0,0,0,0,0,0,0,0,0,0,0,0,0,0,0,0,0,0,0,0,0,0,0,0,0,0,0,0,0,0,0,0,0,0,0,0,0,0,0,0,0,0,0,0,0,0,0,0,0,0,0,0,0,0,0,0,0,0,0,0,0,0,0
% clay,0.0463,0,0,0,0,0,0,0,0,0,0,0,0,0,0,0,0,0,0,0,0,0,0,0,0,0,0,0,0,0,0,0,0,0,0,0,0,0,0,0,0,0,0,0,0,0,0,0,0,0,0,0,0,0,0,0,0,0,0,0,0,0,0,0,0,0,0,0,0,0,0,0,0,0,0,0,0,0,0,0,0,0,0,0,0,0,0,0,0,0,0,0,0,0,0,0,0,0,0,0,0,0,0,0,0,0,0,0,0,0,0,0,0,0,0,0,0,0,0,0,0,0,0,0,0,0,0,0,0,0,0,0,0,0,0,0,0,0,0,0,0,0,0,0,0,0,0,0,0,0,0,0,0,0,0,0,0,0,0,0,0,0,0,0,0,0,0,0,0,0,0,0,0,0,0,0,0,0,0,0,0,0,0,0,0,0,0,0,0,0,0,0,0,0,0,0,0,0,0,0,0,0,0,0,0,0,0,0,0,0,0,0,0,0,0,0,0,0,0,0,0,0,0,0,0,0,0,0,0,0,0,0,0,0,0,0,0,0,0,0,0,0,0,0,0,0,0,0,0,0,0,0,0,0,0,0,0,0,0,0,0,0,0,0,0,0,0,0,0
% clay,0.0526,0,0,0,0,0,0,0,0,0,0,0,0,0,0,0,0,0,0,0,0,0,0,0,0,0,0,0,0,0,0,0,0,0,0,0,0,0,0,0,0,0,0,0,0,0,0,0,0,0,0,0,0,0,0,0,0,0,0,0,0,0,0,0,0,0,0,0,0,0,0,0,0,0,0,0,0,0,0,0,0,0,0,0,0,0,0,0,0,0,0,0,0,0,0,0,0,0,0,0,0,0,0,0,0,0,0,0,0,0,0,0,0,0,0,0,0,0,0,0,0,0,0,0,0,0,0,0,0,0,0,0,0,0,0,0,0,0,0,0,0,0,0,0,0,0,0,0,0,0,0,0,0,0,0,0,0,0,0,0,0,0,0,0,0,0,0,0,0,0,0,0,0,0,0,0,0,0,0,0,0,0,0,0,0,0,0,0,0,0,0,0,0,0,0,0,0,0,0,0,0,0,0,0,0,0,0,0,0,0,0,0,0,0,0,0,0,0,0,0,0,0,0,0,0,0,0,0,0,0,0,0,0,0,0,0,0,0,0,0,0,0,0,0,0,0,0,0,0,0,0,0,0,0,0,0,0,0,0,0,0,0,0,0,0,0,0,0,0
% clay,0.0597,0,0,0,0,0,0,0,0,0,0,0,0,0,0,0,0,0,0,0,0,0,0,0,0,0,0,0,0,0,0,0,0,0,0,0,0,0,0,0,0,0,0,0,0,0,0,0,0,0,0,0,0,0,0,0,0,0,0,0,0,0,0,0,0,0,0,0,0,0,0,0,0,0,0,0,0,0,0,0,0,0,0,0,0,0,0,0,0,0,0,0,0,0,0,0,0,0,0,0,0,0,0,0,0,0,0,0,0,0,0,0,0,0,0,0,0,0,0,0,0,0,0,0,0,0,0,0,0,0,0,0,0,0,0,0,0,0,0,0,0,0,0,0,0,0,0,0,0,0,0,0,0,0,0,0,0,0,0,0,0,0,0,0,0,0,0,0,0,0,0,0,0,0,0,0,0,0,0,0,0,0,0,0,0,0,0,0,0,0,0,0,0,0,0,0,0,0,0,0,0,0,0,0,0,0,0,0,0,0,0,0,0,0,0,0,0,0,0,0,0,0,0,0,0,0,0,0,0,0,0,0,0,0,0,0,0,0,0,0,0,0,0,0,0,0,0,0,0,0,0,0,0,0,0,0,0,0,0,0,0,0,0,0,0,0,0,0,0
% clay,0.0679,0,0,0,0,0,0,0,0,0,0,0,0,0,0,0,0,0,0,0,0,0,0,0,0,0,0,0,0,0,0,0,0,0,0,0,0,0,0,0,0,0,0,0,0,0,0,0,0,0,0,0,0,0,0,0,0,0,0,0,0,0,0,0,0,0,0,0,0,0,0,0,0,0,0,0,0,0,0,0,0,0,0,0,0,0,0,0,0,0,0,0,0,0,0,0,0,0,0,0,0,0,0,0,0,0,0,0,0,0,0,0,0,0,0,0,0,0,0,0,0,0,0,0,0,0,0,0,0,0,0,0,0,0,0,0,0,0,0,0,0,0,0,0,0,0,0,0,0,0,0,0,0,0,0,0,0,0,0,0,0,0,0,0,0,0,0,0,0,0,0,0,0,0,0,0,0,0,0,0,0,0,0,0,0,0,0,0,0,0,0,0,0,0,0,0,0,0,0,0,0,0,0,0,0,0,0,0,0,0,0,0,0,0,0,0,0,0,0,0,0,0,0,0,0,0,0,0,0,0,0,0,0,0,0,0,0,0,0,0,0,0,0,0,0,0,0,0,0,0,0,0,0,0,0,0,0,0,0,0,0,0,0,0,0,0,0,0,0
% clay,0.0771,0,0,0,0,0,0,0,0,0,0,0,0,0,0,0,0,0,0,0,0,0,0,0,0,0,0,0,0,0,0,0,0,0,0,0,0,0,0,0,0,0,0,0,0,0,0,0,0,0,0,0,0,0,0,0,0,0,0,0,0,0,0,0,0,0,0,0,0,0,0,0,0,0,0,0,0,0,0,0,0,0,0,0,0,0,0,0,0,0,0,0,0,0,0,0,0,0,0,0,0,0,0,0,0,0,0,0,0,0,0,0,0,0,0,0,0,0,0,0,0,0,0,0,0,0,0,0,0,0,0,0,0,0,0,0,0,0,0,0,0,0,0,0,0,0,0,0,0,0,0,0,0,0,0,0,0,0,0,0,0,0,0,0,0,0,0,0,0,0,0,0,0,0,0,0,0,0,0,0,0,0,0,0,0,0,0,0,0,0,0,0,0,0,0,0,0,0,0,0,0,0,0,0,0,0,0,0,0,0,0,0,0,0,0,0,0,0,0,0,0,0,0,0,0,0,0,0,0,0,0,0,0,0,0,0,0,0,0,0,0,0,0,0,0,0,0,0,0,0,0,0,0,0,0,0,0,0,0,0,0,0,0,0,0,0,0,0,0
% clay,0.0876,0,0,0,0,0,0,0,0,0,0,0,0,0,0,0,0,0,0,0,0,0,0,0,0,0,0,0,0,0,0,0,0,0,0,0,0,0,0,0,0,0,0,0,0,0,0,0,0,0,0,0,0,0,0,0,0,0,0,0,0,0,0,0,0,0,0,0,0,0,0,0,0,0,0,0,0,0,0,0,0,0,0,0,0,0,0,0,0,0,0,0,0,0,0,0,0,0,0,0,0,0,0,0,0,0,0,0,0,0,0,0,0,0,0,0,0,0,0,0,0,0,0,0,0,0,0,0,0,0,0,0,0,0,0,0,0,0,0,0,0,0,0,0,0,0,0,0,0,0,0,0,0,0,0,0,0,0,0,0,0,0,0,0,0,0,0,0,0,0,0,0,0,0,0,0,0,0,0,0,0,0,0,0,0,0,0,0,0,0,0,0,0,0,0,0,0,0,0,0,0,0,0,0,0,0,0,0,0,0,0,0,0,0,0,0,0,0,0,0,0,0,0,0,0,0,0,0,0,0,0,0,0,0,0,0,0,0,0,0,0,0,0,0,0,0,0,0,0,0,0,0,0,0,0,0,0,0,0,0,0,0,0,0,0,0,0,0,0
% clay,0.0995,0,0,0,0,0,0,0,0,0,0,0,0,0,0,0,0,0,0,0,0,0,0,0,0,0,0,0,0,0,0,0,0,0,0,0,0,0,0,0,0,0,0,0,0,0,0,0,0,0,0,0,0,0,0,0,0,0,0,0,0,0,0,0,0,0,0,0,0,0,0,0,0,0,0,0,0,0,0,0,0,0,0,0,0,0,0,0,0,0,0,0,0,0,0,0,0,0,0,0,0,0,0,0,0,0,0,0,0,0,0,0,0,0,0,0,0,0,0,0,0,0,0,0,0,0,0,0,0,0,0,0,0,0,0,0,0,0,0,0,0,0,0,0,0,0,0,0,0,0,0,0,0,0,0,0,0,0,0,0,0,0,0,0,0,0,0,0,0,0,0,0,0,0,0,0,0,0,0,0,0,0,0,0,0,0,0,0,0,0,0,0,0,0,0,0,0,0,0,0,0,0,0,0,0,0,0,0,0,0,0,0,0,0,0,0,0,0,0,0,0,0,0,0,0,0,0,0,0,0,0,0,0,0,0,0,0,0,0,0,0,0,0,0,0,0,0,0,0,0,0,0,0,0,0,0,0,0,0,0,0,0,0,0,0,0,0,0,0
% clay,0.113,0,0,0,0,0,0,0,0,0,0,0,0,0,0,0,0,0,0,0,0,0,0,0,0,0,0,0,0,0,0,0,0,0,0,0,0,0,0,0,0,0,0,0,0,0,0,0,0,0,0,0,0,0,0,0,0,0,0,0,0,0,0,0,0,0,0,0,0,0,0,0,0,0,0,0,0,0,0,0,0,0,0,0,0,0,0,0,0,0,0,0,0,0,0,0,0,0,0,0,0,0,0,0,0,0,0,0,0,0,0,0,0,0,0,0,0,0,0,0,0,0,0,0,0,0,0,0,0,0,0,0,0,0,0,0,0,0,0,0,0,0,0,0,0,0,0,0,0,0,0,0,0,0,0,0,0,0,0,0,0,0,0,0,0,0,0,0,0,0,0,0,0,0,0,0,0,0,0,0,0,0,0,0,0,0,0,0,0,0,0,0,0,0,0,0,0,0,0,0,0,0,0,0,0,0,0,0,0,0,0,0,0,0,0,0,0,0,0,0,0,0,0,0,0,0,0,0,0,0,0,0,0,0,0,0,0,0,0,0,0,0,0,0,0,0,0,0,0,0,0,0,0,0,0,0,0,0,0,0,0,0,0,0,0,0,0,0,0
% clay,0.128,0,0,0,0,0,0,0,0,0,0,0,0,0,0,0,0,0,0,0,0,0,0,0,0,0,0,0,0,0,0,0,0,0,0,0,0,0,0,0,0,0,0,0,0,0,0,0,0,0,0,0,0,0,0,0,0,0,0,0,0,0,0,0,0,0,0,0,0,0,0,0,0,0,0,0,0,0,0,0,0,0,0,0,0,0,0,0,0,0,0,0,0,0,0,0,0,0,0,0,0,0,0,0,0,0,0,0,0,0,0,0,0,0,0,0,0,0,0,0,0,0,0,0,0,0,0,0,0,0,0,0,0,0,0,0,0,0,0,0,0,0,0,0,0,0,0,0,0,0,0,0,0,0,0,0,0,0,0,0,0,0,0,0,0,0,0,0,0,0,0,0,0,0,0,0,0,0,0,0,0,0,0,0,0,0,0,0,0,0,0,0,0,0,0,0,0,0,0,0,0,0,0,0,0,0,0,0,0,0,0,0,0,0,0,0,0,0,0,0,0,0,0,0,0,0,0,0,0,0,0,0,0,0,0,0,0,0,0,0,0,0,0,0,0,0,0,0,0,0,0,0,0,0,0,0,0,0,0,0,0,0,0,0,0,0,0,0,0
% clay,0.146,0,0,0,0,0,0,0,0,0,0,0,0,0,0,0,0,0,0,0,0,0,0,0,0,0,0,0,0,0,0,0,0,0,0,0,0,0,0,0,0,0,0,0,0,0,0,0,0,0,0,0,0,0,0,0,0,0,0,0,0,0,0,0,0,0,0,0,0,0,0,0,0,0,0,0,0,0,0,0,0,0,0,0,0,0,0,0,0,0,0,0,0,0,0,0,0,0,0,0,0,0,0,0,0,0,0,0,0,0,0,0,0,0,0,0,0,0,0,0,0,0,0,0,0,0,0,0,0,0,0,0,0,0,0,0,0,0,0,0,0,0,0,0,0,0,0,0,0,0,0,0,0,0,0,0,0,0,0,0,0,0,0,0,0,0,0,0,0,0,0,0,0,0,0,0,0,0,0,0,0,0,0,0,0,0,0,0,0,0,0,0,0,0,0,0,0,0,0,0,0,0,0,0,0,0,0,0,0,0,0,0,0,0,0,0,0,0,0,0,0,0,0,0,0,0,0,0,0,0,0,0,0,0,0,0,0,0,0,0,0,0,0,0,0,0,0,0,0,0,0,0,0,0,0,0,0,0,0,0,0,0,0,0,0,0,0,0,0
% clay,0.166,0,0,0,0,0,0,0,0,0,0,0,0,0,0,0,0,0,0,0,0,0,0,0,0,0,0,0,0,0,0,0,0,0,0,0,0,0,0,0,0,0,0,0,0,0,0,0,0,0,0,0,0,0,0,0,0,0,0,0,0,0,0,0,0,0,0,0,0,0,0,0,0,0,0,0,0,0,0,0,0,0,0,0,0,0,0,0,0,0,0,0,0,0,0,0,0,0,0,0,0,0,0,0,0,0,0,0,0,0,0,0,0,0,0,0,0,0,0,0,0,0,0,0,0,0,0,0,0,0,0,0,0,0,0,0,0,0,0,0,0,0,0,0,0,0,0,0,0,0,0,0,0,0,0,0,0,0,0,0,0,0,0,0,0,0,0,0,0,0,0,0,0,0,0,0,0,0,0,0,0,0,0,0,0,0,0,0,0,0,0,0,0,0,0,0,0,0,0,0,0,0,0,0,0,0,0,0,0,0,0,0,0,0,0,0,0,0,0,0,0,0,0,0,0,0,0,0,0,0,0,0,0,0,0,0,0,0,0,0,0,0,0,0,0,0,0,0,0,0,0,0,0,0,0,0,0,0,0,0,0,0,0,0,0,0,0,0,0
% clay,0.188,0,0,0,0,0,0,0,0,0,0,0,0,0,0,0,0,0,0,0,0,0,0,0,0,0,0,0,0,0,0,0,0,0,0,0,0,0,0,0,0,0,0,0,0,0,0,0,0,0,0,0,0,0,0,0,0,0,0,0,0,0,0,0,0,0,0,0,0,0,0,0,0,0,0,0,0,0,0,0,0,0,0,0,0,0,0,0,0,0,0,0,0,0,0,0,0,0,0,0,0,0,0,0,0,0,0,0,0,0,0,0,0,0,0,0,0,0,0,0,0,0,0,0,0,0,0,0,0,0,0,0,0,0,0,0,0,0,0,0,0,0,0,0,0,0,0,0,0,0,0,0,0,0,0,0,0,0,0,0,0,0,0,0,0,0,0,0,0,0,0,0,0,0,0,0,0,0,0,0,0,0,0,0,0,0,0,0,0,0,0,0,0,0,0,0,0,0,0,0,0,0,0,0,0,0,0,0,0,0,0,0,0,0,0,0,0,0,0,0,0,0,0,0,0,0,0,0,0,0,0,0,0,0,0,0,0,0,0,0,0,0,0,0,0,0,0,0,0,0,0,0,0,0,0,0,0,0,0,0,0,0,0,0,0,0,0,0,0
% clay,0.214,0,0,0,0,0,0,0,0,0,0,0,0,0,0,0,0,0,0,0,0,0,0,0,0,0,0,0,0,0,0,0,0,0,0,0,0,0,0,0,0,0,0,0,0,0,0,0,0,0,0,0,0,0,0,0,0,0,0,0,0,0,0,0,0,0,0,0,0,0,0,0,0,0,0,0,0,0,0,0,0,0,0,0,0,0,0,0,0,0,0,0,0,0,0,0,0,0,0,0,0,0,0,0,0,0,0,0,0,0,0,0,0,0,0,0,0,0,0,0,0,0,0,0,0,0,0,0,0,0,0,0,0,0,0,0,0,0,0,0,0,0,0,0,0,0,0,0,0,0,0,0,0,0,0,0,0,0,0,0,0,0,0,0,0,0,0,0,0,0,0,0,0,0,0,0,0,0,0,0,0,0,0,0,0,0,0,0,0,0,0,0,0,0,0,0,0,0,0,0,0,0,0,0,0,0,0,0,0,0,0,0,0,0,0,0,0,0,0,0,0,0,0,0,0,0,0,0,0,0,0,0,0,0,0,0,0,0,0,0,0,0,0,0,0,0,0,0,0,0,0,0,0,0,0,0,0,0,0,0,0,0,0,0,0,0,0,0,0
% clay,0.243,0,0,0,0,0,0,0,0,0,0,0,0,0,0,0,0,0,0,0,0,0,0,0,0,0,0,0,0,0,0,0,0,0,0,0,0,0,0,0,0,0,0,0,0,0,0,0,0,0,0,0,0,0,0,0,0,0,0,0,0,0,0,0,0,0,0,0,0,0,0,0,0,0,0,0,0,0,0,0,0,0,0,0,0,0,0,0,0,0,0,0,0,0,0,0,0,0,0,0,0,0,0,0,0,0,0,0,0,0,0,0,0,0,0,0,0,0,0,0,0,0,0,0,0,0,0,0,0,0,0,0,0,0,0,0,0,0,0,0,0,0,0,0,0,0,0,0,0,0,0,0,0,0,0,0,0,0,0,0,0,0,0,0,0,0,0,0,0,0,0,0,0,0,0,0,0,0,0,0,0,0,0,0,0,0,0,0,0,0,0,0,0,0,0,0,0,0,0,0,0,0,0,0,0,0,0,0,0,0,0,0,0,0,0,0,0,0,0,0,0,0,0,0,0,0,0,0,0,0,0,0,0,0,0,0,0,0,0,0,0,0,0,0,0,0,0,0,0,0,0,0,0,0,0,0,0,0,0,0,0,0,0,0,0,0,0,0,0
% clay,0.276,0,0,0,0,0,0,0,0,0,0,0,0,0,0,0,0,0,0,0,0,0,0,0,0,0,0,0,0,0,0,0,0,0,0,0,0,0,0,0,0,0,0,0,0,0,0,0,0,0,0,0,0,0,0,0,0,0,0,0,0,0,0,0,0,0,0,0,0,0,0,0,0,0,0,0,0,0,0,0,0,0,0,0,0,0,0,0,0,0,0,0,0,0,0,0,0,0,0,0,0,0,0,0,0,0,0,0,0,0,0,0,0,0,0,0,0,0,0,0,0,0,0,0,0,0,0,0,0,0,0,0,0,0,0,0,0,0,0,0,0,0,0,0,0,0,0,0,0,0,0,0,0,0,0,0,0,0,0,0,0,0,0,0,0,0,0,0,0,0,0,0,0,0,0,0,0,0,0,0,0,0,0,0,0,0,0,0,0,0,0,0,0,0,0,0,0,0,0,0,0,0,0,0,0,0,0,0,0,0,0,0,0,0,0,0,0,0,0,0,0,0,0,0,0,0,0,0,0,0,0,0,0,0,0,0,0,0,0,0,0,0,0,0,0,0,0,0,0,0,0,0,0,0,0,0,0,0,0,0,0,0,0,0,0,0,0,0,0
% clay,0.314,0,0,0,0,0,0,0,0,0,0,0,0,0,0,0,0,0,0,0,0,0,0,0,0,0,0,0,0,0,0,0,0,0,0,0,0,0,0,0,0,0,0,0,0,0,0,0,0,0,0,0,0,0,0,0,0,0,0,0,0,0,0,0,0,0,0,0,0,0,0,0,0,0,0,0,0,0,0,0,0,0,0,0,0,0,0,0,0,0,0,0,0,0,0,0,0,0,0,0,0,0,0,0,0,0,0,0,0,0,0,0,0,0,0,0,0,0,0,0,0,0,0,0,0,0,0,0,0,0,0,0,0,0,0,0,0,0,0,0,0,0,0,0,0,0,0,0,0,0,0,0,0,0,0,0,0,0,0,0,0,0,0,0,0,0,0,0,0,0,0,0,0,0,0,0,0,0,0,0,0,0,0,0,0,0,0,0,0,0,0,0,0,0,0,0,0,0,0,0,0,0,0,0,0,0,0,0,0,0,0,0,0,0,0,0,0,0,0,0,0,0,0,0,0,0,0,0,0,0,0,0,0,0,0,0,0,0,0,0,0,0,0,0,0,0,0,0,0,0,0,0,0,0,0,0,0,0,0,0,0,0,0,0,0,0,0,0,0
% clay,0.357,0,0,0,0,0,0,0,0,0,0,0,0,0,0,0,0,0,0,0,0,0,0,0,0,0,0,0,0,0,0,0,0,0,0,0,0,0,0,0,0,0,0,0,0,0,0,0,0,0,0,0,0,0,0,0,0,0,0,0,0,0,0,0,0,0,0,0,0,0,0,0,0,0,0,0,0,0,0,0,0,0,0,0,0,0,0,0,0,0,0,0,0,0,0,0,0,0,0,0,0,0,0,0,0,0,0,0,0,0,0,0,0,0,0,0,0,0,0,0,0,0,0,0,0,0,0,0,0,0,0,0,0,0,0,0,0,0,0,0,0,0,0,0,0,0,0,0,0,0,0,0,0,0,0,0,0,0,0,0,0,0,0,0,0,0,0,0,0,0,0,0,0,0,0,0,0,0,0,0,0,0,0,0,0,0,0,0,0,0,0,0,0,0,0,0,0,0,0,0,0,0,0,0,0,0,0,0,0,0,0,0,0,0,0,0,0,0,0,0,0,0,0,0,0,0,0,0,0,0,0,0,0,0,0,0,0,0,0,0,0,0,0,0,0,0,0,0,0,0,0,0,0,0,0,0,0,0,0,0,0,0,0,0,0,0,0,0,0
% clay,0.405,0,0,0,0,0,0,0,0,0,0,0,0,0,0,0,0,0,0,0,0,0,0,0,0,0,0,0,0,0,0,0,0,0,0,0,0,0,0,0,0,0,0,0,0,0,0,0,0,0,0,0,0,0,0,0,0,0,0,0,0,0,0,0,0,0,0,0,0,0,0,0,0,0,0,0,0,0,0,0,0,0,0,0,0,0,0,0,0,0,0,0,0,0,0,0,0,0,0,0,0,0,0,0,0,0,0,0,0,0,0,0,0,0,0,0,0,0,0,0,0,0,0,0,0,0,0,0,0,0,0,0,0,0,0,0,0,0,0,0,0,0,0,0,0,0,0,0,0,0,0,0,0,0,0,0,0,0,0,0,0,0,0,0,0,0,0,0,0,0,0,0,0,0,0,0,0,0,0,0,0,0,0,0,0,0,0,0,0,0,0,0,0,0,0,0,0,0,0,0,0,0,0,0,0,0,0,0,0,0,0,0,0,0,0,0,0,0,0,0,0,0,0,0,0,0,0,0,0,0,0,0,0,0,0,0,0,0,0,0,0,0,0,0,0,0,0,0,0,0,0,0,0,0,0,0,0,0,0,0,0,0,0,0,0,0,0,0,0
% clay,0.46,0,0,0,0,0,0,0,0,0,0,0,0,0,0,0,0,0,0,0,0,0,0,0,0,0,0,0,0,0,0,0,0,0,0,0,0,0,0,0,0,0,0,0,0,0,0,0,0,0,0,0,0,0,0,0,0,0,0,0,0,0,0,0,0,0,0,0,0,0,0,0,0,0,0,0,0,0,0,0,0,0,0,0,0,0,0,0,0,0,0,0,0,0,0,0,0,0,0,0,0,0,0,0,0,0,0,0,0,0,0,0,0,0,0,0,0,0,0,0,0,0,0,0,0,0,0,0,0,0,0,0,0,0,0,0,0,0,0,0,0,0,0,0,0,0,0,0,0,0,0,0,0,0,0,0,0,0,0,0,0,0,0,0,0,0,0,0,0,0,0,0,0,0,0,0,0,0,0,0,0,0,0,0,0,0,0,0,0,0,0,0,0,0,0,0,0,0,0,0,0,0,0,0,0,0,0,0,0,0,0,0,0,0,0,0,0,0,0,0,0,0,0,0,0,0,0,0,0,0,0,0,0,0,0,0,0,0,0,0,0,0,0,0,0,0,0,0,0,0,0,0,0,0,0,0,0,0,0,0,0,0,0,0,0,0,0,0,0
% clay,0.523,0,0,0,0,0,0,0,0,0,0,0,0,0,0,0,0,0,0,0,0,0,0,0,0,0,0,0,0,0,0,0,0,0,0,0,0,0,0,0,0,0,0,0,0,0,0,0,0,0,0,0,0,0,0,0,0,0,0,0,0,0,0,0,0,0,0,0,0,0,0,0,0,0,0,0,0,0,0,0,0,0,0,0,0,0,0,0,0,0,0,0,0,0,0,0,0,0,0,0,0,0,0,0,0,0,0,0,0,0,0,0,0,0,0,0,0,0,0,0,0,0,0,0,0,0,0,0,0,0,0,0,0,0,0,0,0,0,0,0,0,0,0,0,0,0,0,0,0,0,0,0,0,0,0,0,0,0,0,0,0,0,0,0,0,0,0,0,0,0,0,0,0,0,0,0,0,0,0,0,0,0,0,0,0,0,0,0,0,0,0,0,0,0,0,0,0,0,0,0,0,0,0,0,0,0,0,0,0,0,0,0,0,0,0,0,0,0,0,0,0,0,0,0,0,0,0,0,0,0,0,0,0,0,0,0,0,0,0,0,0,0,0,0,0,0,0,0,0,0,0,0,0,0,0,0,0,0,0,0,0,0,0,0,0,0,0,0,0
% clay,0.594,0,0,0,0,0,0,0,0,0,0,0,0,0,0,0,0,0,0,0,0,0,0,0,0,0,0,0,0,0,0,0,0,0,0,0,0,0,0,0,0,0,0,0,0,0,0,0,0,0,0,0,0,0,0,0,0,0,0,0,0,0,0,0,0,0,0,0,0,0,0,0,0,0,0,0,0,0,0,0,0,0,0,0,0,0,0,0,0,0,0,0,0,0,0,0,0,0,0,0,0,0,0,0,0,0,0,0,0,0,0,0,0,0,0,0,0,0,0,0,0,0,0,0,0,0,0,0,0,0,0,0,0,0,0,0,0,0,0,0,0,0,0,0,0,0,0,0,0,0,0,0,0,0,0,0,0,0,0,0,0,0,0,0,0,0,0,0,0,0,0,0,0,0,0,0,0,0,0,0,0,0,0,0,0,0,0,0,0,0,0,0,0,0,0,0,0,0,0,0,0,0,0,0,0,0,0,0,0,0,0,0,0,0,0,0,0,0,0,0,0,0,0,0,0,0,0,0,0,0,0,0,0,0,0,0,0,0,0,0,0,0,0,0,0,0,0,0,0,0,0,0,0,0,0,0,0,0,0,0,0,0,0,0,0,0,0,0,0
% clay,0.675,0,0,0,0,0,0,0,0,0,0,0,0,0,0,0,0,0,0,0,0,0,0,0,0,0,0,0,0,0,0,0,0,0,0,0,0,0,0,0,0,0,0,0,0,0,0,0,0,0,0,0,0,0,0,0,0,0,0,0,0,0,0,0,0,0,0,0,0,0,0,0,0,0,0,0,0,0,0,0,0,0,0,0,0,0,0,0,0,0,0,0,0,0,0,0,0,0,0,0,0,0,0,0,0,0,0,0,0,0,0,0,0,0,0,0,0,0,0,0,0,0,0,0,0,0,0,0,0,0,0,0,0,0,0,0,0,0,0,0,0,0,0,0,0,0,0,0,0,0,0,0,0,0,0,0,0,0,0,0,0,0,0,0,0,0,0,0,0,0,0,0,0,0,0,0,0,0,0,0,0,0,0,0,0,0,0,0,0,0,0,0,0,0,0,0,0,0,0,0,0,0,0,0,0,0,0,0,0,0,0,0,0,0,0,0,0,0,0,0,0,0,0,0,0,0,0,0,0,0,0,0,0,0,0,0,0,0,0,0,0,0,0,0,0,0,0,0,0,0,0,0,0,0,0,0,0,0,0,0,0,0,0,0,0,0,0,0,0
% clay,0.767,0,0,0,0,0,0,0,0,0,0,0,0,0,0,0,0,0,0,0,0,0,0,0,0,0,0,0,0,0,0,0,0,0,0,0,0,0,0,0,0,0,0,0,0,0,0,0,0,0,0,0,0,0,0,0,0,0,0,0,0,0,0,0,0,0,0,0,0,0,0,0,0,0,0,0,0,0,0,0,0,0,0,0,0,0,0,0,0,0,0,0,0,0,0,0,0,0,0,0,0,0,0,0,0,0,0,0,0,0,0,0,0,0,0,0,0,0,0,0,0,0,0,0,0,0,0,0,0,0,0,0,0,0,0,0,0,0,0,0,0,0,0,0,0,0,0,0,0,0,0,0,0,0,0,0,0,0,0,0,0,0,0,0,0,0,0,0,0,0,0,0,0,0,0,0,0,0,0,0,0,0,0,0,0,0,0,0,0,0,0,0,0,0,0,0,0,0,0,0,0,0,0,0,0,0,0,0,0,0,0,0,0,0,0,0,0,0,0,0,0,0,0,0,0,0,0,0,0,0,0,0,0,0,0,0,0,0,0,0,0,0,0,0,0,0,0,0,0,0,0,0,0,0,0,0,0,0,0,0,0,0,0,0,0,0,0,0,0
% clay,0.872,0,0,0,0,0,0,0,0,0,0,0,0,0,0,0,0,0,0,0,0,0,0,0,0,0,0,0,0,0,0,0,0,0,0,0,0,0,0,0,0,0,0,0,0,0,0,0,0,0,0,0,0,0,0,0,0,0,0,0,0,0,0,0,0,0,0,0,0,0,0,0,0,0,0,0,0,0,0,0,0,0,0,0,0,0,0,0,0,0,0,0,0,0,0,0,0,0,0,0,0,0,0,0,0,0,0,0,0,0,0,0,0,0,0,0,0,0,0,0,0,0,0,0,0,0,0,0,0,0,0,0,0,0,0,0,0,0,0,0,0,0,0,0,0,0,0,0,0,0,0,0,0,0,0,0,0,0,0,0,0,0,0,0,0,0,0,0,0,0,0,0,0,0,0,0,0,0,0,0,0,0,0,0,0,0,0,0,0,0,0,0,0,0,0,0,0,0,0,0,0,0,0,0,0,0,0,0,0,0,0,0,0,0,0,0,0,0,0,0,0,0,0,0,0,0,0,0,0,0,0,0,0,0,0,0,0,0,0,0,0,0,0,0,0,0,0,0,0,0,0,0,0,0,0,0,0,0,0,0,0,0,0,0,0,0,0,0,0
% clay,0.991,0,0,0,0,0,0,0,0,0,0,0,0,0,0,0,0,0,0,0,0,0,0,0,0,0,0,0,0,0,0,0,0,0,0,0,0,0,0,0,0,0,0,0,0,0,0,0,0,0,0,0,0,0,0,0,0,0,0,0,0,0,0,0,0,0,0,0,0,0,0,0,0,0,0,0,0,0,0,0,0,0,0,0,0,0,0,0,0,0,0,0,0,0,0,0,0,0,0,0,0,0,0,0,0,0,0,0,0,0,0,0,0,0,0,0,0,0,0,0,0,0,0,0,0,0,0,0,0,0,0,0,0,0,0,0,0,0,0,0,0,0,0,0,0,0,0,0,0,0,0,0,0,0,0,0,0,0,0,0,0,0,0,0,0,0,0,0,0,0,0,0,0,0,0,0,0,0,0,0,0,0,0,0,0,0,0,0,0,0,0,0,0,0,0,0,0,0,0,0,0,0,0,0,0,0,0,0,0,0,0,0,0,0,0,0,0,0,0,0,0,0,0,0,0,0,0,0,0,0,0,0,0,0,0,0,0,0,0,0,0,0,0,0,0,0,0,0,0,0,0,0,0,0,0,0,0,0,0,0,0,0,0,0,0,0,0,0,0
% clay,1.13,0,0,0,0,0,0,0,0,0,0,0,0,0,0,0,0,0,0,0,0,0,0,0,0,0,0,0,0,0,0,0,0,0,0,0,0,0,0,0,0,0,0,0,0,0,0,0,0,0,0,0,0,0,0,0,0,0,0,0,0,0,0,0,0,0,0,0,0,0,0,0,0,0,0,0,0,0,0,0,0,0,0,0,0,0,0,0,0,0,0,0,0,0,0,0,0,0,0,0,0,0,0,0,0,0,0,0,0,0,0,0,0,0,0,0,0,0,0,0,0,0,0,0,0,0,0,0,0,0,0,0,0,0,0,0,0,0,0,0,0,0,0,0,0,0,0,0,0,0,0,0,0,0,0,0,0,0,0,0,0,0,0,0,0,0,0,0,0,0,0,0,0,0,0,0,0,0,0,0,0,0,0,0,0,0,0,0,0,0,0,0,0,0,0,0,0,0,0,0,0,0,0,0,0,0,0,0,0,0,0,0,0,0,0,0,0,0,0,0,0,0,0,0,0,0,0,0,0,0,0,0,0,0,0,0,0,0,0,0,0,0,0,0,0,0,0,0,0,0,0,0,0,0,0,0,0,0,0,0,0,0,0,0,0,0,0,0,0
% clay,1.28,0,0,0,0,0,0,0,0,0,0,0,0,0,0,0,0,0,0,0,0,0,0,0,0,0,0,0,0,0,0,0,0,0,0,0,0,0,0,0,0,0,0,0,0,0,0,0,0,0,0,0,0,0,0,0,0,0,0,0,0,0,0,0,0,0,0,0,0,0,0,0,0,0,0,0,0,0,0,0,0,0,0,0,0,0,0,0,0,0,0,0,0,0,0,0,0,0,0,0,0,0,0,0,0,0,0,0,0,0,0,0,0,0,0,0,0,0,0,0,0,0,0,0,0,0,0,0,0,0,0,0,0,0,0,0,0,0,0,0,0,0,0,0,0,0,0,0,0,0,0,0,0,0,0,0,0,0,0,0,0,0,0,0,0,0,0,0,0,0,0,0,0,0,0,0,0,0,0,0,0,0,0,0,0,0,0,0,0,0,0,0,0,0,0,0,0,0,0,0,0,0,0,0,0,0,0,0,0,0,0,0,0,0,0,0,0,0,0,0,0,0,0,0,0,0,0,0,0,0,0,0,0,0,0,0,0,0,0,0,0,0,0,0,0,0,0,0,0,0,0,0,0,0,0,0,0,0,0,0,0,0,0,0,0,0,0,0,0
% clay,1.45,0,0,0,0,0,0,0,0,0,0,0,0,0,0,0,0,0,0,0,0,0,0,0,0,0,0,0,0,0,0,0,0,0,0,0,0,0,0,0,0,0,0,0,0,0,0,0,0,0,0,0,0,0,0,0,0,0,0,0,0,0,0,0,0,0,0,0,0,0,0,0,0,0,0,0,0,0,0,0,0,0,0,0,0,0,0,0,0,0,0,0,0,0,0,0,0,0,0,0,0,0,0,0,0,0,0,0,0,0,0,0,0,0,0,0,0,0,0,0,0,0,0,0,0,0,0,0,0,0,0,0,0,0,0,0,0,0,0,0,0,0,0,0,0,0,0,0,0,0,0,0,0,0,0,0,0,0,0,0,0,0,0,0,0,0,0,0,0,0,0,0,0,0,0,0,0,0,0,0,0,0,0,0,0,0,0,0,0,0,0,0,0,0,0,0,0,0,0,0,0,0,0,0,0,0,0,0,0,0,0,0,0,0,0,0,0,0,0,0,0,0,0,0,0,0,0,0,0,0,0,0,0,0,0,0,0,0,0,0,0,0,0,0,0,0,0,0,0,0,0,0,0,0,0,0,0,0,0,0,0,0,0,0,0,0,0,0,0
% clay,1.65,0,0,0,0,0,0,0,0,0,0,0,0,0,0,0,0,0,0,0,0,0,0,0,0,0,0,0,0,0,0,0,0,0,0,0,0,0,0,0,0,0,0,0,0,0,0,0,0,0,0,0,0,0,0,0,0,0,0,0,0,0,0,0,0,0,0,0,0,0,0,0,0,0,0,0,0,0,0,0,0,0,0,0,0,0,0,0,0,0,0,0,0,0,0,0,0,0,0,0,0,0,0,0,0,0,0,0,0,0,0,0,0,0,0,0,0,0,0,0,0,0,0,0,0,0,0,0,0,0,0,0,0,0,0,0,0,0,0,0,0,0,0,0,0,0,0,0,0,0,0,0,0,0,0,0,0,0,0,0,0,0,0,0,0,0,0,0,0,0,0,0,0,0,0,0,0,0,0,0,0,0,0,0,0,0,0,0,0,0,0,0,0,0,0,0,0,0,0,0,0,0,0,0,0,0,0,0,0,0,0,0,0,0,0,0,0,0,0,0,0,0,0,0,0,0,0,0,0,0,0,0,0,0,0,0,0,0,0,0,0,0,0,0,0,0,0,0,0,0,0,0,0,0,0,0,0,0,0,0,0,0,0,0,0,0,0,0,0
% clay,1.88,0,0,0,0,0,0,0,0,0,0,0,0,0,0,0,0,0,0,0,0,0,0,0,0,0,0,0,0,0,0,0,0,0,0,0,0,0,0,0,0,0,0,0,0,0,0,0,0,0,0,0,0,0,0,0,0,0,0,0,0,0,0,0,0,0,0,0,0,0,0,0,0,0,0,0,0,0,0,0,0,0,0,0,0,0,0.06,0.06,0.06,0.07,0.07,0.07,0.07,0.07,0.07,0.08,0.08,0.08,0.07,0.08,0.08,0.09,0.09,0.09,0.06,0.07,0.07,0.07,0.08,0.08,0.07,0.08,0.08,0.09,0.09,0.1,0.07,0.08,0.08,0.09,0.09,0.09,0.09,0.1,0.1,0.08,0.08,0.08,0.08,0.08,0.08,0.09,0.1,0.1,0.12,0.12,0.13,0.12,0.13,0.13,0.13,0.13,0.13,0.15,0.15,0.15,0.15,0.15,0.15,0.17,0.18,0.18,0.13,0.13,0.14,0.12,0.13,0.13,0.14,0.15,0.15,0,0,0,0,0,0,0,0,0,0,0,0,0.06,0.07,0.07,0.07,0.07,0.07,0.06,0.07,0.07,0,0,0,0.06,0.06,0.07,0,0,0.06,0,0,0,0,0,0,0,0,0,0,0,0,0,0,0,0,0,0,0.09,0.09,0.1,0.06,0.07,0.07,0.08,0.08,0.08,0.09,0.1,0.1,0,0,0,0,0,0.06,0,0,0,0,0,0,0,0,0,0,0,0,0,0,0,0,0,0,0,0,0,0,0,0,0,0,0,0,0,0,0,0,0,0,0,0,0,0,0,0,0,0
% clay,2.13,0,0,0,0,0,0,0,0,0,0,0,0,0,0,0,0,0,0,0,0,0,0,0,0,0,0,0,0,0,0,0,0,0,0,0,0,0,0,0,0,0,0,0,0,0,0,0,0,0,0,0,0,0,0,0,0,0.06,0,0,0,0.06,0.07,0.07,0,0,0.06,0,0.06,0.07,0.06,0.07,0.07,0.14,0.15,0.15,0.16,0.14,0.15,0.15,0.15,0.16,0.16,0.14,0.14,0.14,0.18,0.18,0.18,0.2,0.21,0.21,0.2,0.2,0.2,0.2,0.21,0.21,0.19,0.2,0.2,0.23,0.24,0.24,0.18,0.19,0.19,0.2,0.21,0.21,0.2,0.21,0.21,0.24,0.24,0.24,0.19,0.2,0.21,0.23,0.23,0.24,0.24,0.25,0.25,0.21,0.21,0.21,0.22,0.22,0.22,0.24,0.25,0.25,0.28,0.29,0.3,0.29,0.29,0.31,0.29,0.3,0.31,0.33,0.33,0.33,0.33,0.34,0.34,0.37,0.38,0.38,0.3,0.31,0.31,0.29,0.29,0.3,0.33,0.33,0.34,0.07,0.07,0.08,0.06,0.07,0.07,0.08,0.08,0.09,0.15,0.15,0.16,0.17,0.19,0.19,0.19,0.2,0.21,0.18,0.19,0.2,0.15,0.16,0.16,0.17,0.18,0.18,0.16,0.17,0.18,0.12,0.13,0.13,0.11,0.12,0.12,0.12,0.13,0.13,0.15,0.16,0.17,0.16,0.16,0.17,0.14,0.15,0.16,0.23,0.22,0.24,0.17,0.19,0.19,0.21,0.21,0.22,0.23,0.25,0.25,0.15,0.16,0.15,0.16,0.17,0.17,0.14,0.15,0.16,0.1,0.11,0.11,0.12,0.12,0.13,0.12,0.13,0.13,0,0,0,0,0,0,0,0,0,0,0,0,0,0,0,0,0,0,0,0,0,0,0,0,0,0,0,0,0,0
% clay,2.42,0,0,0,0,0,0,0,0,0,0,0,0,0,0,0,0,0,0,0,0,0,0,0,0,0,0,0,0,0,0,0,0,0,0,0,0,0,0,0,0,0,0,0,0,0,0.06,0.07,0.07,0.08,0.09,0.1,0.08,0.09,0.09,0.12,0.13,0.14,0.11,0.12,0.13,0.14,0.15,0.16,0.12,0.13,0.13,0.13,0.14,0.14,0.14,0.15,0.15,0.27,0.27,0.28,0.3,0.27,0.28,0.29,0.29,0.3,0.3,0.25,0.26,0.26,0.32,0.33,0.33,0.36,0.37,0.38,0.36,0.37,0.37,0.34,0.35,0.36,0.33,0.34,0.35,0.4,0.41,0.41,0.32,0.34,0.34,0.36,0.37,0.37,0.35,0.36,0.37,0.41,0.41,0.42,0.33,0.35,0.36,0.4,0.4,0.41,0.42,0.43,0.43,0.37,0.37,0.37,0.38,0.38,0.39,0.42,0.43,0.43,0.47,0.48,0.49,0.48,0.49,0.51,0.49,0.5,0.51,0.54,0.54,0.54,0.54,0.55,0.55,0.59,0.61,0.6,0.49,0.51,0.51,0.48,0.49,0.49,0.53,0.54,0.55,0.14,0.15,0.16,0.13,0.15,0.16,0.17,0.17,0.18,0.27,0.28,0.29,0.31,0.33,0.34,0.34,0.35,0.36,0.33,0.35,0.35,0.27,0.29,0.29,0.31,0.31,0.33,0.29,0.31,0.32,0.23,0.24,0.25,0.21,0.22,0.24,0.23,0.25,0.25,0.29,0.29,0.31,0.29,0.3,0.3,0.27,0.28,0.29,0.4,0.39,0.41,0.3,0.33,0.33,0.36,0.37,0.38,0.41,0.42,0.43,0.27,0.28,0.28,0.3,0.3,0.31,0.26,0.27,0.28,0.19,0.2,0.21,0.23,0.24,0.24,0.23,0.25,0.25,0,0,0,0,0,0,0,0,0,0,0,0,0,0,0,0,0,0,0,0,0,0,0,0,0,0,0,0,0,0
% clay,2.75,0,0,0,0,0,0,0,0,0,0,0,0,0,0,0,0,0,0,0,0,0,0,0,0,0,0,0,0,0,0,0,0,0,0,0,0,0.06,0.07,0.08,0.08,0.09,0.1,0.09,0.1,0.11,0.14,0.15,0.16,0.17,0.18,0.19,0.16,0.17,0.17,0.22,0.24,0.25,0.21,0.23,0.24,0.25,0.26,0.28,0.21,0.23,0.24,0.23,0.24,0.25,0.24,0.26,0.26,0.42,0.43,0.44,0.46,0.43,0.44,0.45,0.45,0.47,0.47,0.39,0.4,0.4,0.49,0.5,0.51,0.55,0.56,0.57,0.55,0.56,0.56,0.51,0.52,0.53,0.49,0.51,0.52,0.59,0.6,0.6,0.48,0.51,0.51,0.54,0.56,0.56,0.53,0.55,0.56,0.61,0.61,0.62,0.5,0.53,0.54,0.6,0.6,0.61,0.62,0.63,0.64,0.55,0.55,0.55,0.57,0.57,0.58,0.62,0.64,0.64,0.69,0.7,0.71,0.7,0.7,0.73,0.71,0.72,0.73,0.77,0.77,0.77,0.78,0.79,0.79,0.84,0.85,0.85,0.71,0.74,0.74,0.69,0.7,0.7,0.76,0.77,0.79,0.25,0.27,0.28,0.24,0.26,0.27,0.29,0.29,0.31,0.41,0.42,0.43,0.47,0.5,0.52,0.51,0.53,0.55,0.5,0.52,0.53,0.41,0.45,0.45,0.47,0.48,0.49,0.45,0.47,0.48,0.37,0.39,0.4,0.35,0.36,0.38,0.37,0.4,0.4,0.45,0.45,0.48,0.45,0.46,0.47,0.43,0.45,0.46,0.59,0.57,0.61,0.46,0.49,0.49,0.54,0.56,0.56,0.61,0.63,0.64,0.42,0.44,0.43,0.46,0.46,0.47,0.41,0.42,0.44,0.31,0.33,0.33,0.37,0.38,0.38,0.38,0.39,0.41,0,0,0,0,0,0,0,0,0,0,0,0,0,0,0,0,0,0,0,0,0,0,0,0,0,0,0,0,0,0
% silt,3.12,0,0,0,0,0,0,0,0,0.07,0,0,0,0,0,0,0,0,0,0,0,0,0,0,0,0,0,0,0.1,0.12,0.13,0.09,0.1,0.11,0.11,0.12,0.13,0.16,0.17,0.18,0.19,0.21,0.22,0.2,0.22,0.23,0.28,0.29,0.3,0.31,0.33,0.34,0.3,0.32,0.32,0.38,0.41,0.42,0.37,0.4,0.41,0.42,0.45,0.47,0.37,0.39,0.41,0.4,0.41,0.43,0.42,0.43,0.44,0.64,0.65,0.68,0.69,0.65,0.68,0.68,0.69,0.72,0.71,0.58,0.59,0.59,0.73,0.75,0.76,0.81,0.83,0.84,0.82,0.84,0.83,0.73,0.75,0.75,0.7,0.73,0.74,0.84,0.86,0.86,0.7,0.74,0.75,0.78,0.81,0.81,0.77,0.8,0.81,0.88,0.88,0.88,0.72,0.76,0.78,0.86,0.86,0.87,0.9,0.9,0.91,0.8,0.8,0.79,0.82,0.83,0.83,0.89,0.92,0.92,0.97,0.98,0.99,0.99,0.99,1.03,0.99,1.01,1.02,1.08,1.07,1.06,1.08,1.09,1.09,1.15,1.17,1.16,1,1.03,1.04,0.97,0.98,0.98,1.06,1.08,1.1,0.43,0.45,0.47,0.4,0.44,0.46,0.49,0.49,0.51,0.61,0.61,0.63,0.69,0.73,0.76,0.75,0.78,0.8,0.73,0.77,0.77,0.62,0.67,0.66,0.71,0.71,0.73,0.68,0.7,0.72,0.58,0.61,0.62,0.55,0.57,0.59,0.58,0.62,0.62,0.68,0.69,0.72,0.68,0.69,0.7,0.67,0.69,0.7,0.85,0.83,0.88,0.67,0.72,0.71,0.79,0.81,0.81,0.89,0.91,0.92,0.64,0.66,0.65,0.69,0.69,0.71,0.62,0.64,0.66,0.49,0.52,0.52,0.58,0.59,0.6,0.6,0.62,0.64,0,0,0,0,0,0,0,0,0,0,0,0,0,0,0,0,0,0,0,0,0,0,0,0,0,0,0,0.09,0.1,0.11
% silt,3.55,0.11,0.13,0.15,0.14,0.16,0.18,0.2,0.22,0.23,0.09,0.12,0.14,0.14,0.15,0.17,0.15,0.17,0.19,0.12,0.14,0.16,0.13,0.15,0.17,0.15,0.18,0.2,0.26,0.29,0.31,0.25,0.27,0.28,0.27,0.3,0.32,0.34,0.36,0.38,0.38,0.41,0.42,0.4,0.43,0.45,0.52,0.54,0.56,0.56,0.59,0.6,0.54,0.58,0.58,0.66,0.7,0.72,0.64,0.67,0.7,0.72,0.75,0.78,0.63,0.66,0.69,0.68,0.7,0.72,0.7,0.73,0.74,0.98,0.99,1.03,1.01,0.99,1.03,1.03,1.06,1.1,1.08,0.88,0.89,0.89,1.09,1.11,1.12,1.2,1.23,1.24,1.22,1.25,1.24,1.05,1.07,1.08,1.01,1.05,1.06,1.22,1.23,1.23,1.03,1.08,1.1,1.14,1.18,1.18,1.13,1.17,1.19,1.27,1.27,1.28,1.05,1.11,1.13,1.25,1.24,1.26,1.3,1.31,1.32,1.17,1.17,1.15,1.19,1.2,1.21,1.29,1.33,1.33,1.37,1.38,1.4,1.39,1.39,1.45,1.4,1.43,1.44,1.5,1.49,1.48,1.51,1.52,1.51,1.58,1.6,1.6,1.41,1.45,1.46,1.36,1.38,1.38,1.49,1.51,1.54,0.73,0.76,0.78,0.68,0.74,0.76,0.81,0.82,0.84,0.9,0.91,0.94,1.03,1.09,1.12,1.11,1.15,1.18,1.09,1.14,1.14,0.93,1,1,1.06,1.05,1.09,1.04,1.06,1.08,0.91,0.96,0.97,0.87,0.89,0.93,0.91,0.98,0.97,1.05,1.05,1.1,1.03,1.04,1.05,1.04,1.06,1.08,1.25,1.21,1.28,0.99,1.05,1.04,1.16,1.18,1.19,1.3,1.33,1.33,0.98,1,0.98,1.05,1.05,1.07,0.96,0.98,1,0.78,0.82,0.83,0.92,0.93,0.94,0.95,0.98,1,0,0,0,0.06,0.07,0.07,0.08,0.1,0.1,0.09,0.11,0.12,0.12,0.13,0.15,0.07,0.09,0.1,0.17,0.18,0.19,0.1,0.12,0.14,0.16,0.18,0.19,0.28,0.29,0.31
% silt,4.03,0.3,0.34,0.37,0.35,0.39,0.42,0.46,0.49,0.51,0.25,0.29,0.34,0.35,0.38,0.41,0.38,0.41,0.44,0.3,0.35,0.39,0.31,0.36,0.4,0.36,0.42,0.45,0.5,0.54,0.58,0.51,0.53,0.55,0.52,0.56,0.59,0.6,0.63,0.66,0.67,0.7,0.73,0.71,0.75,0.77,0.87,0.9,0.93,0.91,0.96,0.98,0.9,0.95,0.95,1.05,1.11,1.13,1.02,1.07,1.11,1.13,1.18,1.22,1.01,1.05,1.09,1.07,1.11,1.13,1.1,1.15,1.17,1.44,1.46,1.51,1.44,1.46,1.51,1.51,1.56,1.62,1.59,1.28,1.3,1.29,1.58,1.61,1.63,1.73,1.77,1.79,1.77,1.81,1.8,1.48,1.51,1.52,1.43,1.48,1.5,1.71,1.73,1.73,1.48,1.55,1.57,1.62,1.68,1.68,1.61,1.66,1.69,1.79,1.79,1.8,1.5,1.58,1.6,1.77,1.75,1.78,1.84,1.85,1.86,1.66,1.65,1.63,1.69,1.71,1.71,1.83,1.88,1.88,1.9,1.92,1.94,1.93,1.93,2,1.95,1.98,2,2.06,2.05,2.03,2.07,2.08,2.07,2.14,2.17,2.16,1.96,2.01,2.02,1.89,1.91,1.91,2.06,2.08,2.12,1.15,1.19,1.23,1.08,1.16,1.2,1.27,1.28,1.32,1.31,1.31,1.35,1.5,1.57,1.61,1.61,1.66,1.7,1.58,1.65,1.65,1.37,1.47,1.45,1.54,1.53,1.58,1.52,1.56,1.58,1.38,1.44,1.46,1.33,1.35,1.4,1.38,1.47,1.46,1.55,1.55,1.62,1.5,1.52,1.54,1.55,1.58,1.6,1.78,1.72,1.82,1.42,1.51,1.49,1.66,1.69,1.69,1.85,1.89,1.9,1.45,1.47,1.45,1.55,1.55,1.57,1.42,1.45,1.48,1.19,1.24,1.25,1.39,1.4,1.41,1.45,1.48,1.51,0.15,0.18,0.2,0.21,0.23,0.25,0.26,0.28,0.3,0.27,0.31,0.32,0.33,0.36,0.38,0.23,0.27,0.3,0.4,0.43,0.44,0.27,0.32,0.36,0.39,0.43,0.44,0.59,0.61,0.63
% silt,4.58,0.56,0.61,0.67,0.62,0.68,0.73,0.77,0.82,0.85,0.47,0.53,0.59,0.62,0.66,0.7,0.66,0.71,0.77,0.54,0.61,0.67,0.55,0.61,0.68,0.63,0.72,0.76,0.78,0.84,0.9,0.81,0.83,0.87,0.82,0.87,0.91,0.91,0.95,0.99,1,1.05,1.08,1.06,1.12,1.14,1.28,1.32,1.36,1.32,1.38,1.41,1.3,1.38,1.38,1.5,1.58,1.61,1.45,1.53,1.58,1.61,1.67,1.72,1.43,1.5,1.55,1.53,1.58,1.61,1.57,1.63,1.65,1.96,1.98,2.05,1.92,1.99,2.06,2.06,2.12,2.2,2.16,1.73,1.75,1.75,2.13,2.17,2.19,2.32,2.38,2.4,2.38,2.43,2.42,1.95,1.99,2,1.89,1.96,1.98,2.26,2.29,2.29,1.98,2.07,2.1,2.17,2.24,2.24,2.15,2.22,2.25,2.38,2.37,2.38,2,2.1,2.13,2.34,2.32,2.36,2.44,2.45,2.47,2.2,2.2,2.16,2.25,2.27,2.27,2.43,2.49,2.49,2.49,2.51,2.54,2.52,2.52,2.61,2.55,2.59,2.61,2.68,2.65,2.63,2.69,2.69,2.68,2.75,2.79,2.78,2.56,2.63,2.64,2.47,2.49,2.5,2.68,2.7,2.76,1.64,1.69,1.74,1.54,1.65,1.7,1.81,1.81,1.86,1.77,1.77,1.82,2.02,2.11,2.17,2.17,2.23,2.28,2.14,2.22,2.22,1.86,1.99,1.97,2.09,2.07,2.14,2.07,2.12,2.14,1.91,2,2.02,1.85,1.88,1.94,1.91,2.04,2.02,2.12,2.12,2.21,2.05,2.06,2.08,2.13,2.17,2.2,2.37,2.29,2.42,1.91,2.02,1.99,2.22,2.26,2.26,2.47,2.52,2.53,1.99,2.02,1.97,2.12,2.12,2.15,1.95,1.99,2.03,1.67,1.72,1.73,1.93,1.95,1.96,2.02,2.06,2.1,0.32,0.37,0.41,0.43,0.46,0.5,0.51,0.55,0.57,0.53,0.58,0.6,0.62,0.65,0.69,0.45,0.51,0.56,0.7,0.74,0.76,0.5,0.59,0.64,0.68,0.74,0.77,0.96,0.98,1.02
% silt,5.21,0.82,0.89,0.96,0.89,0.96,1.03,1.08,1.14,1.18,0.68,0.76,0.84,0.88,0.93,0.99,0.94,1.01,1.08,0.78,0.87,0.95,0.78,0.86,0.95,0.89,1.01,1.06,1.05,1.12,1.19,1.09,1.12,1.16,1.1,1.16,1.21,1.19,1.24,1.29,1.31,1.37,1.41,1.38,1.46,1.49,1.65,1.71,1.76,1.7,1.78,1.82,1.68,1.78,1.77,1.91,2.02,2.05,1.85,1.95,2.01,2.04,2.13,2.19,1.83,1.91,1.98,1.95,2.01,2.05,2,2.07,2.1,2.43,2.47,2.55,2.36,2.47,2.56,2.56,2.64,2.73,2.68,2.14,2.16,2.16,2.63,2.68,2.7,2.86,2.93,2.95,2.94,3,2.99,2.38,2.43,2.44,2.31,2.39,2.41,2.76,2.79,2.79,2.44,2.55,2.58,2.66,2.75,2.75,2.64,2.73,2.77,2.91,2.9,2.91,2.45,2.57,2.61,2.87,2.84,2.89,2.99,3,3.02,2.7,2.69,2.64,2.75,2.78,2.78,2.97,3.05,3.05,3.02,3.05,3.08,3.06,3.05,3.17,3.09,3.14,3.16,3.23,3.19,3.16,3.24,3.24,3.23,3.3,3.34,3.33,3.1,3.19,3.2,3,3.02,3.03,3.25,3.27,3.33,2.1,2.16,2.22,1.97,2.1,2.16,2.3,2.3,2.37,2.19,2.19,2.25,2.5,2.61,2.68,2.68,2.75,2.82,2.64,2.75,2.74,2.31,2.48,2.45,2.6,2.57,2.65,2.58,2.63,2.67,2.41,2.52,2.54,2.33,2.37,2.44,2.4,2.56,2.53,2.65,2.64,2.75,2.55,2.56,2.59,2.67,2.72,2.75,2.92,2.82,2.98,2.35,2.5,2.45,2.73,2.78,2.79,3.04,3.1,3.11,2.49,2.52,2.47,2.66,2.65,2.68,2.45,2.49,2.53,2.11,2.17,2.19,2.43,2.45,2.46,2.55,2.59,2.64,0.5,0.58,0.63,0.66,0.7,0.75,0.76,0.81,0.84,0.78,0.86,0.89,0.91,0.95,1,0.68,0.76,0.83,0.98,1.04,1.07,0.73,0.85,0.91,0.97,1.05,1.08,1.31,1.34,1.39
% silt,5.92,1.03,1.11,1.2,1.1,1.19,1.27,1.32,1.39,1.44,0.85,0.95,1.04,1.09,1.15,1.22,1.17,1.25,1.33,0.97,1.08,1.17,0.96,1.07,1.17,1.09,1.24,1.3,1.25,1.34,1.41,1.31,1.34,1.39,1.31,1.39,1.44,1.41,1.46,1.52,1.55,1.61,1.66,1.63,1.72,1.76,1.94,2.01,2.07,1.99,2.08,2.13,1.97,2.08,2.07,2.23,2.36,2.39,2.16,2.27,2.35,2.38,2.48,2.55,2.13,2.22,2.3,2.27,2.34,2.39,2.33,2.41,2.45,2.79,2.83,2.93,2.7,2.84,2.93,2.94,3.02,3.14,3.08,2.44,2.47,2.46,3,3.06,3.08,3.26,3.34,3.37,3.36,3.43,3.42,2.7,2.75,2.77,2.62,2.71,2.73,3.13,3.17,3.16,2.78,2.91,2.94,3.03,3.13,3.14,3.02,3.11,3.16,3.31,3.29,3.31,2.79,2.92,2.97,3.26,3.23,3.28,3.4,3.41,3.43,3.07,3.06,3.01,3.13,3.16,3.16,3.37,3.47,3.47,3.42,3.44,3.48,3.46,3.45,3.58,3.49,3.55,3.57,3.63,3.59,3.55,3.63,3.65,3.63,3.7,3.75,3.73,3.51,3.61,3.62,3.38,3.41,3.42,3.66,3.69,3.76,2.45,2.52,2.59,2.3,2.45,2.53,2.69,2.69,2.77,2.51,2.5,2.58,2.87,2.99,3.07,3.07,3.15,3.23,3.03,3.15,3.14,2.66,2.85,2.81,2.99,2.96,3.05,2.97,3.03,3.07,2.8,2.92,2.95,2.71,2.75,2.83,2.79,2.97,2.94,3.06,3.06,3.18,2.94,2.95,2.99,3.09,3.14,3.18,3.35,3.23,3.41,2.7,2.86,2.81,3.13,3.19,3.2,3.49,3.56,3.56,2.88,2.92,2.85,3.08,3.07,3.09,2.84,2.89,2.93,2.45,2.53,2.55,2.83,2.85,2.86,2.97,3.02,3.07,0.66,0.76,0.82,0.85,0.9,0.97,0.97,1.03,1.07,1,1.09,1.12,1.14,1.19,1.25,0.88,0.97,1.05,1.22,1.28,1.31,0.92,1.06,1.14,1.2,1.3,1.33,1.58,1.62,1.67
% silt,6.72,1.19,1.28,1.39,1.26,1.36,1.45,1.5,1.58,1.63,0.98,1.09,1.19,1.25,1.32,1.4,1.34,1.43,1.52,1.11,1.24,1.34,1.1,1.21,1.33,1.25,1.42,1.48,1.39,1.49,1.57,1.46,1.49,1.55,1.46,1.54,1.6,1.56,1.62,1.68,1.71,1.79,1.84,1.8,1.91,1.95,2.15,2.22,2.29,2.19,2.3,2.34,2.17,2.29,2.29,2.45,2.59,2.63,2.38,2.5,2.59,2.62,2.73,2.8,2.34,2.44,2.53,2.49,2.57,2.62,2.55,2.65,2.69,3.03,3.07,3.18,2.93,3.08,3.18,3.19,3.29,3.41,3.34,2.64,2.67,2.66,3.25,3.3,3.33,3.53,3.61,3.64,3.64,3.71,3.7,2.91,2.96,2.99,2.82,2.91,2.94,3.37,3.41,3.41,3.01,3.15,3.19,3.28,3.39,3.4,3.27,3.37,3.42,3.57,3.56,3.57,3.01,3.16,3.21,3.52,3.49,3.54,3.67,3.68,3.71,3.32,3.31,3.25,3.38,3.41,3.42,3.64,3.74,3.74,3.67,3.7,3.74,3.72,3.71,3.85,3.75,3.81,3.84,3.87,3.83,3.79,3.88,3.89,3.87,3.95,4,3.98,3.76,3.87,3.89,3.63,3.67,3.68,3.93,3.96,4.04,2.7,2.78,2.86,2.54,2.71,2.79,2.96,2.97,3.06,2.72,2.72,2.8,3.11,3.25,3.34,3.34,3.43,3.51,3.3,3.42,3.41,2.91,3.11,3.07,3.26,3.23,3.32,3.24,3.31,3.35,3.08,3.21,3.24,2.98,3.02,3.1,3.06,3.26,3.22,3.35,3.35,3.48,3.22,3.23,3.27,3.39,3.45,3.49,3.65,3.52,3.71,2.94,3.12,3.06,3.41,3.47,3.48,3.8,3.87,3.88,3.16,3.2,3.13,3.38,3.36,3.39,3.11,3.17,3.21,2.7,2.79,2.81,3.12,3.14,3.15,3.27,3.32,3.38,0.78,0.9,0.97,1.01,1.07,1.14,1.14,1.2,1.24,1.16,1.26,1.3,1.32,1.37,1.45,1.03,1.13,1.23,1.39,1.46,1.49,1.06,1.22,1.31,1.37,1.48,1.51,1.78,1.82,1.88
% silt,7.64,1.33,1.43,1.54,1.39,1.5,1.59,1.65,1.73,1.78,1.09,1.2,1.31,1.38,1.45,1.53,1.48,1.57,1.67,1.23,1.37,1.48,1.21,1.33,1.46,1.37,1.55,1.62,1.5,1.6,1.69,1.57,1.61,1.67,1.57,1.66,1.72,1.66,1.74,1.8,1.83,1.91,1.97,1.93,2.04,2.09,2.29,2.37,2.45,2.34,2.45,2.5,2.31,2.45,2.44,2.61,2.76,2.81,2.53,2.66,2.76,2.79,2.91,2.99,2.49,2.6,2.69,2.65,2.73,2.79,2.71,2.82,2.86,3.18,3.23,3.34,3.08,3.24,3.35,3.36,3.46,3.59,3.52,2.76,2.79,2.79,3.4,3.46,3.49,3.69,3.78,3.81,3.81,3.88,3.87,3.03,3.09,3.12,2.94,3.04,3.07,3.51,3.56,3.55,3.16,3.31,3.35,3.44,3.56,3.56,3.43,3.54,3.59,3.74,3.72,3.74,3.15,3.31,3.36,3.68,3.65,3.71,3.84,3.85,3.88,3.47,3.46,3.4,3.54,3.57,3.57,3.81,3.91,3.91,3.82,3.85,3.9,3.87,3.86,4.01,3.91,3.97,4,4,3.96,3.92,4.01,4.03,4,4.08,4.13,4.12,3.91,4.03,4.04,3.78,3.81,3.83,4.09,4.12,4.21,2.89,2.98,3.06,2.71,2.9,2.98,3.17,3.17,3.27,2.87,2.86,2.95,3.28,3.42,3.51,3.51,3.61,3.7,3.47,3.6,3.59,3.07,3.28,3.25,3.45,3.41,3.51,3.43,3.5,3.54,3.27,3.41,3.44,3.17,3.21,3.3,3.25,3.47,3.43,3.56,3.56,3.7,3.42,3.43,3.47,3.6,3.66,3.71,3.85,3.71,3.91,3.1,3.29,3.24,3.61,3.67,3.67,4.01,4.08,4.09,3.36,3.4,3.33,3.59,3.58,3.6,3.31,3.36,3.41,2.89,2.98,3,3.33,3.35,3.36,3.5,3.55,3.61,0.9,1.02,1.1,1.14,1.21,1.29,1.28,1.34,1.39,1.3,1.41,1.45,1.47,1.53,1.61,1.16,1.27,1.37,1.53,1.6,1.64,1.18,1.36,1.45,1.51,1.63,1.66,1.94,1.98,2.05
% silt,8.68,1.45,1.55,1.67,1.51,1.63,1.72,1.77,1.86,1.91,1.18,1.3,1.42,1.49,1.57,1.66,1.6,1.7,1.8,1.33,1.48,1.59,1.31,1.44,1.57,1.48,1.67,1.74,1.58,1.69,1.79,1.66,1.7,1.77,1.66,1.76,1.82,1.75,1.83,1.9,1.93,2.01,2.08,2.03,2.15,2.2,2.4,2.49,2.57,2.45,2.57,2.63,2.42,2.57,2.56,2.73,2.89,2.94,2.65,2.79,2.89,2.91,3.04,3.13,2.6,2.71,2.81,2.76,2.85,2.91,2.83,2.94,2.99,3.28,3.33,3.45,3.19,3.34,3.45,3.46,3.56,3.7,3.63,2.83,2.86,2.86,3.48,3.55,3.58,3.79,3.87,3.91,3.91,3.98,3.97,3.1,3.16,3.2,3,3.11,3.15,3.59,3.64,3.64,3.25,3.4,3.45,3.53,3.66,3.67,3.52,3.63,3.69,3.83,3.81,3.83,3.23,3.39,3.44,3.78,3.74,3.8,3.94,3.95,3.97,3.55,3.55,3.48,3.62,3.66,3.66,3.9,4.01,4.01,3.9,3.93,3.98,3.95,3.94,4.09,3.99,4.05,4.09,4.05,4,3.97,4.06,4.07,4.05,4.13,4.19,4.17,3.98,4.11,4.12,3.85,3.89,3.9,4.16,4.2,4.29,3.03,3.12,3.21,2.85,3.04,3.13,3.33,3.33,3.43,2.96,2.95,3.04,3.38,3.53,3.63,3.62,3.73,3.82,3.58,3.72,3.71,3.18,3.4,3.36,3.57,3.54,3.63,3.55,3.62,3.66,3.41,3.56,3.59,3.3,3.35,3.44,3.39,3.62,3.57,3.7,3.7,3.84,3.55,3.56,3.61,3.74,3.81,3.85,3.98,3.84,4.04,3.21,3.4,3.35,3.73,3.79,3.8,4.14,4.22,4.23,3.5,3.55,3.46,3.74,3.73,3.75,3.45,3.5,3.56,3.02,3.12,3.14,3.48,3.5,3.52,3.66,3.71,3.78,1,1.14,1.22,1.27,1.34,1.42,1.4,1.47,1.51,1.42,1.54,1.58,1.61,1.66,1.75,1.27,1.39,1.5,1.65,1.73,1.77,1.29,1.47,1.57,1.63,1.76,1.79,2.08,2.12,2.19
% silt,9.86,1.56,1.67,1.8,1.62,1.74,1.84,1.89,1.98,2.04,1.27,1.39,1.52,1.6,1.68,1.77,1.71,1.82,1.92,1.43,1.59,1.7,1.4,1.53,1.67,1.58,1.79,1.86,1.67,1.78,1.88,1.74,1.79,1.86,1.74,1.85,1.91,1.83,1.91,1.99,2.02,2.11,2.17,2.13,2.25,2.3,2.5,2.58,2.68,2.54,2.67,2.73,2.51,2.67,2.67,2.82,3,3.05,2.74,2.89,3,3.02,3.15,3.24,2.69,2.81,2.92,2.86,2.95,3.02,2.93,3.04,3.09,3.34,3.39,3.51,3.26,3.4,3.52,3.53,3.63,3.77,3.7,2.87,2.9,2.9,3.53,3.6,3.63,3.83,3.92,3.96,3.95,4.03,4.02,3.12,3.19,3.23,3.03,3.14,3.18,3.62,3.67,3.67,3.3,3.46,3.5,3.58,3.71,3.72,3.57,3.69,3.75,3.87,3.86,3.88,3.27,3.43,3.49,3.82,3.79,3.85,3.98,3.99,4.02,3.58,3.58,3.52,3.66,3.69,3.7,3.94,4.05,4.05,3.92,3.96,4.01,3.98,3.97,4.12,4.02,4.08,4.12,4.03,3.99,3.96,4.04,4.06,4.04,4.12,4.18,4.16,4,4.12,4.14,3.87,3.91,3.92,4.18,4.22,4.31,3.15,3.25,3.34,2.96,3.16,3.26,3.46,3.46,3.57,3.02,3.01,3.1,3.45,3.6,3.69,3.69,3.8,3.89,3.65,3.79,3.78,3.25,3.47,3.44,3.65,3.61,3.71,3.63,3.7,3.74,3.51,3.66,3.69,3.4,3.44,3.54,3.49,3.72,3.67,3.8,3.79,3.94,3.64,3.66,3.7,3.84,3.9,3.95,4.06,3.91,4.12,3.28,3.47,3.42,3.8,3.87,3.87,4.21,4.29,4.3,3.6,3.65,3.56,3.85,3.83,3.86,3.54,3.6,3.65,3.13,3.23,3.25,3.6,3.62,3.63,3.78,3.83,3.9,1.1,1.25,1.34,1.39,1.46,1.56,1.51,1.59,1.64,1.54,1.67,1.71,1.74,1.79,1.89,1.37,1.5,1.62,1.77,1.85,1.89,1.38,1.58,1.69,1.74,1.88,1.92,2.21,2.26,2.33
% silt,11.2,1.68,1.8,1.95,1.75,1.88,1.98,2.03,2.13,2.19,1.37,1.5,1.64,1.72,1.81,1.91,1.84,1.96,2.07,1.54,1.7,1.83,1.51,1.65,1.79,1.69,1.91,1.99,1.76,1.88,1.99,1.84,1.89,1.97,1.84,1.95,2.02,1.92,2.01,2.09,2.11,2.21,2.28,2.23,2.36,2.42,2.6,2.69,2.79,2.64,2.78,2.85,2.61,2.78,2.77,2.92,3.11,3.16,2.84,2.99,3.11,3.12,3.26,3.36,2.78,2.91,3.02,2.96,3.06,3.12,3.03,3.15,3.2,3.38,3.44,3.57,3.32,3.45,3.57,3.59,3.68,3.82,3.76,2.89,2.93,2.94,3.55,3.63,3.66,3.86,3.95,3.99,3.98,4.06,4.05,3.14,3.21,3.26,3.04,3.16,3.2,3.64,3.69,3.69,3.33,3.49,3.54,3.62,3.75,3.76,3.6,3.72,3.78,3.89,3.88,3.91,3.29,3.46,3.52,3.84,3.81,3.88,4,4.02,4.05,3.6,3.6,3.54,3.67,3.71,3.72,3.95,4.06,4.06,3.92,3.96,4.01,3.98,3.97,4.12,4.02,4.08,4.12,3.99,3.95,3.92,4,4.03,4.01,4.08,4.14,4.13,3.99,4.12,4.13,3.86,3.9,3.92,4.17,4.21,4.3,3.26,3.37,3.47,3.07,3.29,3.39,3.58,3.59,3.7,3.06,3.06,3.15,3.49,3.64,3.74,3.74,3.85,3.94,3.69,3.83,3.83,3.3,3.53,3.49,3.71,3.67,3.77,3.68,3.76,3.79,3.58,3.74,3.77,3.47,3.52,3.62,3.57,3.8,3.75,3.86,3.86,4.01,3.71,3.72,3.77,3.91,3.97,4.02,4.1,3.95,4.16,3.32,3.52,3.47,3.85,3.91,3.92,4.25,4.33,4.34,3.68,3.73,3.64,3.93,3.91,3.94,3.62,3.68,3.73,3.22,3.33,3.35,3.7,3.72,3.73,3.88,3.93,4,1.22,1.38,1.47,1.53,1.6,1.7,1.64,1.73,1.78,1.67,1.81,1.86,1.88,1.94,2.05,1.49,1.63,1.75,1.91,2,2.04,1.49,1.71,1.82,1.88,2.02,2.06,2.36,2.41,2.49
% silt,12.7,1.84,1.97,2.12,1.9,2.05,2.16,2.21,2.31,2.38,1.49,1.64,1.79,1.87,1.96,2.07,2,2.12,2.24,1.67,1.85,1.98,1.63,1.78,1.94,1.83,2.07,2.15,1.88,2,2.12,1.96,2.01,2.09,1.96,2.08,2.15,2.03,2.13,2.21,2.24,2.34,2.41,2.36,2.49,2.55,2.71,2.81,2.91,2.76,2.9,2.97,2.73,2.9,2.9,3.04,3.23,3.28,2.95,3.11,3.24,3.24,3.39,3.48,2.89,3.02,3.14,3.07,3.18,3.25,3.15,3.27,3.33,3.43,3.5,3.63,3.39,3.51,3.63,3.65,3.74,3.88,3.82,2.92,2.96,2.97,3.58,3.66,3.7,3.89,3.98,4.01,4.01,4.08,4.08,3.15,3.23,3.28,3.05,3.18,3.23,3.65,3.71,3.71,3.35,3.52,3.58,3.64,3.78,3.79,3.63,3.75,3.81,3.91,3.9,3.93,3.31,3.48,3.54,3.86,3.83,3.89,4.02,4.03,4.06,3.6,3.6,3.54,3.68,3.71,3.73,3.95,4.06,4.06,3.91,3.95,4,3.97,3.96,4.11,4.01,4.08,4.11,3.94,3.9,3.88,3.95,3.98,3.97,4.04,4.1,4.08,3.97,4.1,4.11,3.85,3.89,3.91,4.15,4.19,4.28,3.39,3.51,3.61,3.19,3.42,3.52,3.72,3.73,3.84,3.1,3.1,3.2,3.53,3.68,3.78,3.78,3.89,3.98,3.73,3.87,3.87,3.34,3.57,3.53,3.75,3.72,3.82,3.72,3.8,3.83,3.65,3.81,3.84,3.54,3.59,3.69,3.63,3.87,3.82,3.92,3.92,4.06,3.76,3.78,3.82,3.97,4.03,4.07,4.12,3.97,4.19,3.35,3.55,3.5,3.88,3.94,3.95,4.27,4.35,4.36,3.74,3.79,3.7,4,3.98,4.01,3.68,3.74,3.8,3.31,3.42,3.44,3.79,3.81,3.81,3.97,4.02,4.09,1.35,1.53,1.64,1.69,1.77,1.88,1.8,1.9,1.95,1.83,1.98,2.04,2.06,2.13,2.24,1.63,1.78,1.92,2.09,2.18,2.22,1.62,1.86,1.98,2.04,2.2,2.24,2.55,2.61,2.69
% silt,14.5,2.03,2.17,2.34,2.1,2.25,2.38,2.42,2.54,2.61,1.65,1.8,1.96,2.05,2.15,2.26,2.19,2.32,2.45,1.83,2.02,2.16,1.79,1.95,2.12,2,2.26,2.33,2.02,2.15,2.28,2.11,2.16,2.25,2.11,2.23,2.31,2.16,2.27,2.36,2.38,2.49,2.57,2.51,2.65,2.71,2.84,2.95,3.06,2.89,3.04,3.12,2.86,3.04,3.04,3.17,3.36,3.42,3.08,3.25,3.38,3.37,3.52,3.63,3.01,3.15,3.28,3.2,3.31,3.38,3.28,3.41,3.47,3.49,3.56,3.7,3.46,3.57,3.7,3.71,3.81,3.95,3.88,2.96,3.01,3.02,3.61,3.7,3.74,3.91,4,4.04,4.04,4.11,4.1,3.16,3.25,3.31,3.07,3.21,3.26,3.66,3.73,3.73,3.38,3.55,3.62,3.66,3.81,3.82,3.65,3.77,3.84,3.92,3.91,3.95,3.32,3.5,3.57,3.87,3.84,3.91,4.03,4.04,4.07,3.6,3.61,3.55,3.68,3.71,3.73,3.94,4.05,4.05,3.9,3.94,3.99,3.96,3.95,4.1,3.99,4.06,4.1,3.89,3.86,3.84,3.91,3.94,3.92,3.99,4.05,4.04,3.94,4.07,4.08,3.83,3.88,3.9,4.13,4.16,4.25,3.54,3.65,3.76,3.33,3.56,3.67,3.87,3.87,3.99,3.14,3.14,3.24,3.56,3.72,3.82,3.81,3.92,4.01,3.76,3.91,3.9,3.37,3.61,3.57,3.79,3.75,3.85,3.75,3.83,3.86,3.72,3.87,3.9,3.6,3.65,3.76,3.69,3.93,3.88,3.96,3.95,4.1,3.8,3.81,3.86,4.01,4.07,4.11,4.13,3.98,4.19,3.37,3.58,3.52,3.9,3.96,3.96,4.27,4.35,4.35,3.79,3.84,3.75,4.05,4.04,4.06,3.73,3.79,3.85,3.4,3.51,3.53,3.87,3.88,3.89,4.05,4.09,4.16,1.51,1.71,1.83,1.88,1.97,2.1,1.99,2.11,2.16,2.02,2.2,2.26,2.27,2.35,2.47,1.8,1.97,2.12,2.3,2.4,2.45,1.79,2.04,2.17,2.23,2.41,2.45,2.78,2.84,2.92
% silt,16.4,2.25,2.41,2.59,2.32,2.5,2.63,2.67,2.8,2.88,1.82,1.99,2.17,2.27,2.37,2.49,2.41,2.55,2.69,2.01,2.21,2.36,1.97,2.14,2.32,2.19,2.47,2.55,2.18,2.32,2.46,2.28,2.33,2.42,2.28,2.4,2.49,2.32,2.43,2.53,2.55,2.66,2.74,2.68,2.82,2.89,2.99,3.11,3.22,3.04,3.2,3.28,3.01,3.2,3.19,3.31,3.51,3.58,3.21,3.39,3.53,3.51,3.67,3.77,3.15,3.29,3.43,3.34,3.46,3.53,3.42,3.56,3.62,3.56,3.63,3.77,3.53,3.64,3.77,3.78,3.87,4.02,3.95,3.01,3.07,3.08,3.65,3.74,3.78,3.93,4.03,4.07,4.06,4.13,4.13,3.18,3.28,3.34,3.1,3.24,3.29,3.68,3.74,3.75,3.4,3.58,3.64,3.68,3.83,3.84,3.67,3.79,3.86,3.93,3.92,3.95,3.33,3.52,3.59,3.88,3.85,3.92,4.03,4.04,4.08,3.59,3.6,3.54,3.67,3.71,3.73,3.92,4.04,4.03,3.88,3.92,3.97,3.94,3.93,4.08,3.97,4.04,4.08,3.84,3.81,3.79,3.85,3.89,3.88,3.94,4,3.98,3.9,4.03,4.05,3.81,3.85,3.87,4.09,4.13,4.21,3.68,3.8,3.91,3.47,3.71,3.82,4.01,4.01,4.13,3.17,3.18,3.28,3.59,3.74,3.84,3.83,3.94,4.04,3.78,3.93,3.92,3.4,3.63,3.59,3.81,3.77,3.87,3.76,3.84,3.88,3.76,3.91,3.94,3.65,3.7,3.8,3.74,3.97,3.92,3.98,3.97,4.12,3.82,3.83,3.87,4.03,4.08,4.13,4.11,3.96,4.17,3.37,3.58,3.53,3.89,3.95,3.96,4.24,4.31,4.32,3.82,3.87,3.78,4.09,4.07,4.09,3.76,3.82,3.88,3.47,3.58,3.6,3.93,3.94,3.94,4.1,4.15,4.21,1.71,1.93,2.06,2.11,2.21,2.34,2.22,2.35,2.4,2.25,2.44,2.51,2.52,2.61,2.74,2.01,2.2,2.36,2.55,2.66,2.71,1.98,2.26,2.4,2.46,2.65,2.7,3.04,3.11,3.19
% silt,18.7,2.5,2.67,2.88,2.58,2.77,2.91,2.95,3.08,3.17,2.02,2.21,2.39,2.5,2.61,2.74,2.65,2.79,2.95,2.21,2.43,2.59,2.17,2.35,2.54,2.4,2.69,2.78,2.35,2.5,2.64,2.47,2.51,2.6,2.46,2.58,2.68,2.48,2.59,2.7,2.72,2.84,2.92,2.85,3,3.07,3.14,3.26,3.38,3.2,3.36,3.44,3.16,3.36,3.35,3.44,3.65,3.72,3.35,3.53,3.67,3.65,3.81,3.91,3.28,3.44,3.58,3.48,3.61,3.68,3.57,3.71,3.77,3.62,3.69,3.83,3.59,3.7,3.83,3.84,3.94,4.08,4.02,3.07,3.14,3.15,3.69,3.78,3.82,3.95,4.05,4.08,4.08,4.15,4.14,3.2,3.3,3.37,3.13,3.27,3.33,3.69,3.75,3.76,3.41,3.59,3.66,3.68,3.83,3.85,3.67,3.79,3.86,3.92,3.91,3.95,3.34,3.53,3.6,3.87,3.84,3.91,4.02,4.03,4.07,3.57,3.58,3.53,3.66,3.7,3.71,3.89,4,3.99,3.85,3.89,3.93,3.9,3.89,4.04,3.94,4.01,4.05,3.77,3.75,3.74,3.8,3.83,3.82,3.89,3.94,3.92,3.85,3.98,3.99,3.77,3.82,3.84,4.04,4.07,4.16,3.82,3.94,4.05,3.6,3.84,3.95,4.14,4.14,4.26,3.19,3.21,3.31,3.59,3.74,3.85,3.84,3.94,4.03,3.78,3.93,3.93,3.4,3.64,3.59,3.8,3.76,3.86,3.76,3.83,3.86,3.78,3.93,3.96,3.67,3.72,3.82,3.76,3.99,3.94,3.97,3.95,4.1,3.8,3.82,3.86,4.01,4.07,4.11,4.06,3.91,4.12,3.36,3.56,3.51,3.86,3.91,3.92,4.18,4.25,4.24,3.82,3.87,3.77,4.09,4.06,4.08,3.77,3.82,3.87,3.51,3.63,3.64,3.96,3.97,3.96,4.13,4.17,4.23,1.92,2.17,2.31,2.36,2.47,2.62,2.47,2.61,2.67,2.51,2.72,2.79,2.8,2.9,3.04,2.25,2.46,2.63,2.82,2.94,3,2.19,2.49,2.65,2.71,2.92,2.97,3.31,3.39,3.48
% silt,21.2,2.77,2.96,3.18,2.85,3.05,3.21,3.23,3.38,3.47,2.23,2.43,2.63,2.75,2.85,2.99,2.9,3.05,3.22,2.42,2.65,2.82,2.37,2.56,2.76,2.61,2.92,3.01,2.52,2.67,2.82,2.65,2.69,2.78,2.63,2.76,2.85,2.64,2.75,2.86,2.89,3.01,3.09,3.02,3.17,3.24,3.28,3.41,3.52,3.34,3.5,3.58,3.31,3.5,3.49,3.57,3.78,3.85,3.47,3.66,3.8,3.77,3.93,4.03,3.41,3.57,3.72,3.61,3.74,3.81,3.69,3.84,3.9,3.66,3.73,3.88,3.64,3.75,3.88,3.88,3.98,4.12,4.05,3.13,3.2,3.21,3.7,3.79,3.84,3.94,4.04,4.07,4.06,4.13,4.12,3.21,3.31,3.38,3.15,3.29,3.35,3.68,3.74,3.75,3.39,3.58,3.65,3.66,3.81,3.83,3.64,3.76,3.83,3.88,3.87,3.91,3.32,3.51,3.59,3.83,3.8,3.87,3.98,3.98,4.02,3.53,3.53,3.48,3.62,3.66,3.67,3.82,3.94,3.93,3.79,3.84,3.87,3.83,3.83,3.97,3.88,3.94,3.98,3.69,3.67,3.66,3.72,3.75,3.75,3.81,3.86,3.84,3.77,3.9,3.91,3.71,3.75,3.77,3.96,3.99,4.07,3.94,4.05,4.16,3.71,3.95,4.05,4.24,4.23,4.35,3.2,3.21,3.31,3.57,3.71,3.82,3.81,3.9,4,3.75,3.9,3.9,3.37,3.61,3.56,3.76,3.71,3.82,3.71,3.78,3.81,3.77,3.91,3.94,3.67,3.71,3.81,3.75,3.96,3.92,3.92,3.9,4.04,3.75,3.76,3.8,3.96,4.01,4.05,3.97,3.82,4.03,3.31,3.51,3.46,3.79,3.84,3.85,4.07,4.14,4.13,3.78,3.82,3.73,4.04,4.02,4.03,3.73,3.78,3.83,3.53,3.64,3.65,3.94,3.95,3.94,4.11,4.15,4.2,2.16,2.42,2.58,2.63,2.75,2.9,2.74,2.89,2.95,2.78,3.01,3.07,3.09,3.19,3.34,2.51,2.73,2.92,3.11,3.24,3.3,2.42,2.75,2.92,2.97,3.2,3.25,3.59,3.68,3.77
% silt,24.1,3.05,3.25,3.48,3.12,3.33,3.51,3.52,3.66,3.77,2.44,2.64,2.85,2.98,3.09,3.23,3.15,3.29,3.47,2.62,2.86,3.04,2.56,2.76,2.97,2.82,3.14,3.23,2.67,2.82,2.97,2.81,2.85,2.94,2.78,2.91,3.01,2.77,2.88,3,3.04,3.16,3.24,3.16,3.31,3.38,3.39,3.53,3.64,3.45,3.62,3.7,3.42,3.62,3.6,3.66,3.87,3.94,3.56,3.75,3.89,3.86,4.01,4.11,3.5,3.67,3.83,3.71,3.84,3.91,3.79,3.93,4,3.67,3.74,3.89,3.64,3.75,3.89,3.89,3.99,4.13,4.06,3.17,3.24,3.25,3.69,3.78,3.82,3.89,3.99,4.03,4.01,4.08,4.07,3.19,3.3,3.37,3.16,3.29,3.35,3.63,3.7,3.71,3.35,3.53,3.6,3.6,3.74,3.77,3.58,3.7,3.77,3.8,3.8,3.83,3.27,3.46,3.54,3.75,3.72,3.8,3.89,3.9,3.94,3.45,3.45,3.41,3.54,3.58,3.59,3.72,3.83,3.82,3.7,3.75,3.78,3.73,3.73,3.87,3.78,3.84,3.88,3.57,3.56,3.55,3.61,3.64,3.64,3.69,3.74,3.73,3.65,3.78,3.79,3.61,3.66,3.68,3.84,3.86,3.94,4.01,4.12,4.22,3.78,4.01,4.11,4.29,4.27,4.38,3.17,3.18,3.28,3.5,3.64,3.75,3.74,3.82,3.91,3.68,3.82,3.82,3.31,3.54,3.48,3.68,3.63,3.73,3.62,3.69,3.72,3.71,3.85,3.87,3.62,3.65,3.75,3.68,3.89,3.85,3.83,3.8,3.93,3.66,3.66,3.7,3.85,3.89,3.93,3.82,3.69,3.88,3.22,3.42,3.37,3.68,3.73,3.73,3.91,3.98,3.97,3.69,3.72,3.63,3.94,3.91,3.93,3.64,3.69,3.74,3.5,3.6,3.62,3.88,3.89,3.87,4.03,4.07,4.11,2.39,2.68,2.84,2.89,3.02,3.18,3.01,3.16,3.23,3.05,3.29,3.35,3.37,3.48,3.64,2.77,3.01,3.21,3.38,3.53,3.59,2.66,3,3.18,3.22,3.47,3.53,3.86,3.94,4.04
% silt,27.4,3.31,3.52,3.76,3.37,3.6,3.79,3.77,3.92,4.03,2.63,2.84,3.06,3.2,3.3,3.45,3.37,3.52,3.7,2.8,3.05,3.23,2.74,2.94,3.14,3,3.33,3.43,2.79,2.95,3.1,2.94,2.97,3.06,2.9,3.03,3.13,2.88,2.99,3.11,3.16,3.28,3.35,3.27,3.41,3.49,3.47,3.6,3.72,3.53,3.69,3.77,3.5,3.69,3.67,3.7,3.92,3.99,3.61,3.8,3.94,3.89,4.04,4.14,3.56,3.73,3.89,3.76,3.89,3.96,3.84,3.98,4.04,3.64,3.7,3.85,3.61,3.72,3.85,3.85,3.95,4.09,4.01,3.2,3.27,3.27,3.64,3.72,3.76,3.79,3.9,3.93,3.9,3.97,3.96,3.14,3.25,3.31,3.13,3.27,3.32,3.55,3.61,3.62,3.27,3.45,3.51,3.5,3.64,3.66,3.47,3.59,3.66,3.68,3.68,3.7,3.18,3.37,3.44,3.62,3.6,3.67,3.76,3.77,3.8,3.34,3.34,3.29,3.43,3.47,3.48,3.58,3.68,3.67,3.57,3.61,3.64,3.59,3.59,3.72,3.64,3.7,3.73,3.42,3.41,3.4,3.46,3.49,3.49,3.54,3.59,3.58,3.49,3.61,3.62,3.47,3.51,3.53,3.67,3.69,3.77,4.03,4.13,4.23,3.8,4.02,4.11,4.28,4.25,4.36,3.1,3.12,3.22,3.39,3.52,3.63,3.62,3.69,3.78,3.56,3.7,3.69,3.2,3.42,3.37,3.55,3.49,3.6,3.49,3.55,3.58,3.6,3.73,3.74,3.52,3.55,3.63,3.58,3.78,3.73,3.68,3.64,3.77,3.52,3.51,3.54,3.69,3.73,3.76,3.63,3.5,3.68,3.1,3.28,3.23,3.52,3.57,3.57,3.7,3.76,3.75,3.55,3.58,3.49,3.79,3.75,3.77,3.5,3.55,3.59,3.43,3.52,3.53,3.76,3.76,3.75,3.9,3.93,3.97,2.61,2.92,3.08,3.14,3.27,3.44,3.26,3.41,3.48,3.29,3.54,3.59,3.63,3.73,3.89,3.03,3.28,3.49,3.63,3.79,3.85,2.88,3.24,3.43,3.46,3.72,3.77,4.08,4.16,4.27
% coarse silt,31.1,3.54,3.75,4,3.59,3.82,4.02,3.99,4.14,4.25,2.79,3.01,3.23,3.38,3.48,3.63,3.56,3.7,3.89,2.95,3.21,3.4,2.88,3.08,3.29,3.16,3.5,3.6,2.87,3.03,3.18,3.03,3.06,3.15,2.98,3.12,3.21,2.95,3.05,3.18,3.23,3.35,3.42,3.33,3.48,3.55,3.5,3.63,3.75,3.57,3.72,3.8,3.52,3.71,3.69,3.69,3.91,3.98,3.6,3.79,3.93,3.87,4.01,4.1,3.56,3.74,3.9,3.75,3.89,3.95,3.83,3.96,4.02,3.56,3.61,3.76,3.52,3.63,3.77,3.76,3.85,3.99,3.91,3.2,3.25,3.25,3.54,3.61,3.66,3.65,3.75,3.79,3.75,3.81,3.8,3.05,3.16,3.22,3.08,3.2,3.26,3.42,3.48,3.49,3.14,3.32,3.37,3.36,3.48,3.5,3.31,3.44,3.5,3.51,3.51,3.52,3.05,3.24,3.3,3.44,3.42,3.49,3.58,3.59,3.62,3.19,3.18,3.13,3.27,3.31,3.31,3.39,3.48,3.47,3.4,3.44,3.46,3.4,3.4,3.52,3.45,3.51,3.53,3.23,3.22,3.21,3.27,3.3,3.29,3.35,3.4,3.38,3.29,3.4,3.41,3.29,3.33,3.35,3.45,3.47,3.55,3.99,4.08,4.16,3.77,3.97,4.05,4.21,4.16,4.26,3,3.01,3.11,3.23,3.36,3.46,3.45,3.51,3.6,3.39,3.53,3.52,3.05,3.27,3.21,3.38,3.31,3.41,3.31,3.37,3.4,3.44,3.56,3.57,3.38,3.39,3.47,3.42,3.61,3.56,3.49,3.44,3.56,3.33,3.32,3.34,3.48,3.51,3.53,3.39,3.27,3.43,2.94,3.11,3.06,3.32,3.37,3.37,3.44,3.5,3.49,3.36,3.38,3.29,3.58,3.54,3.56,3.32,3.37,3.4,3.3,3.39,3.4,3.6,3.59,3.58,3.72,3.73,3.76,2.81,3.12,3.28,3.36,3.49,3.66,3.47,3.61,3.68,3.5,3.75,3.79,3.84,3.94,4.09,3.26,3.51,3.73,3.84,4.01,4.05,3.08,3.45,3.65,3.66,3.93,3.98,4.25,4.32,4.44
% coarse silt,35.3,3.73,3.95,4.2,3.77,4.01,4.2,4.15,4.31,4.4,2.93,3.14,3.36,3.52,3.62,3.77,3.71,3.85,4.04,3.08,3.34,3.53,2.99,3.2,3.4,3.29,3.63,3.73,2.91,3.08,3.23,3.08,3.12,3.2,3.03,3.16,3.26,2.98,3.08,3.21,3.27,3.39,3.46,3.35,3.51,3.57,3.48,3.61,3.73,3.55,3.7,3.78,3.5,3.68,3.67,3.62,3.84,3.9,3.54,3.73,3.86,3.79,3.93,4.01,3.52,3.69,3.85,3.69,3.82,3.88,3.76,3.89,3.94,3.43,3.47,3.62,3.39,3.49,3.63,3.62,3.71,3.85,3.75,3.16,3.21,3.2,3.4,3.46,3.51,3.47,3.55,3.6,3.55,3.61,3.6,2.93,3.04,3.09,2.99,3.1,3.16,3.26,3.31,3.32,2.98,3.15,3.19,3.17,3.29,3.31,3.11,3.24,3.3,3.29,3.29,3.29,2.89,3.06,3.12,3.22,3.2,3.27,3.36,3.36,3.38,3,2.99,2.94,3.08,3.11,3.11,3.16,3.24,3.23,3.19,3.22,3.25,3.17,3.18,3.28,3.23,3.28,3.3,3,2.99,2.97,3.04,3.07,3.06,3.13,3.17,3.16,3.05,3.15,3.16,3.07,3.11,3.13,3.2,3.22,3.29,3.89,3.97,4.03,3.68,3.86,3.92,4.07,4.01,4.1,2.86,2.87,2.96,3.03,3.15,3.25,3.24,3.3,3.37,3.19,3.32,3.3,2.88,3.08,3.02,3.17,3.1,3.19,3.09,3.15,3.17,3.24,3.35,3.36,3.2,3.21,3.27,3.22,3.41,3.35,3.26,3.21,3.31,3.11,3.09,3.1,3.22,3.25,3.27,3.12,3.01,3.15,2.75,2.91,2.85,3.09,3.14,3.13,3.14,3.2,3.19,3.13,3.15,3.06,3.33,3.29,3.3,3.1,3.15,3.17,3.15,3.22,3.22,3.39,3.37,3.36,3.49,3.49,3.52,2.98,3.29,3.45,3.54,3.67,3.83,3.64,3.75,3.83,3.65,3.9,3.92,3.99,4.08,4.23,3.46,3.7,3.92,4,4.16,4.2,3.25,3.63,3.82,3.81,4.09,4.13,4.36,4.42,4.53
% coarse silt,40.1,3.88,4.09,4.34,3.91,4.15,4.33,4.26,4.42,4.5,3.05,3.25,3.47,3.63,3.73,3.88,3.82,3.96,4.14,3.18,3.45,3.65,3.08,3.3,3.49,3.39,3.73,3.83,2.93,3.12,3.25,3.1,3.15,3.24,3.05,3.19,3.29,2.98,3.09,3.21,3.27,3.4,3.48,3.34,3.51,3.57,3.42,3.54,3.66,3.5,3.64,3.71,3.44,3.61,3.6,3.5,3.72,3.78,3.42,3.61,3.74,3.66,3.79,3.87,3.43,3.59,3.74,3.58,3.71,3.77,3.64,3.76,3.81,3.25,3.29,3.43,3.22,3.31,3.45,3.44,3.52,3.65,3.55,3.09,3.13,3.12,3.22,3.28,3.32,3.25,3.32,3.37,3.31,3.36,3.35,2.78,2.87,2.93,2.87,2.97,3.03,3.06,3.1,3.11,2.79,2.94,2.98,2.96,3.07,3.08,2.89,3.02,3.07,3.04,3.04,3.03,2.69,2.85,2.9,2.97,2.95,3.01,3.1,3.11,3.11,2.79,2.77,2.73,2.86,2.89,2.88,2.9,2.97,2.97,2.95,2.98,3.01,2.92,2.93,3.02,2.98,3.02,3.04,2.75,2.74,2.72,2.79,2.81,2.8,2.88,2.92,2.91,2.79,2.87,2.89,2.83,2.87,2.88,2.91,2.94,3.01,3.74,3.81,3.85,3.55,3.7,3.75,3.89,3.8,3.88,2.7,2.7,2.79,2.81,2.92,3.01,3,3.05,3.11,2.96,3.08,3.06,2.68,2.86,2.81,2.93,2.87,2.95,2.85,2.91,2.93,3.01,3.12,3.12,2.99,2.99,3.04,3,3.18,3.12,3,2.95,3.05,2.88,2.84,2.85,2.95,2.97,2.98,2.83,2.73,2.86,2.54,2.69,2.63,2.85,2.89,2.89,2.83,2.89,2.88,2.88,2.9,2.82,3.06,3.02,3.02,2.87,2.91,2.93,2.96,3.02,3.02,3.16,3.13,3.12,3.24,3.23,3.24,3.11,3.42,3.57,3.69,3.81,3.97,3.76,3.84,3.91,3.76,3.99,4,4.09,4.15,4.29,3.62,3.85,4.06,4.09,4.25,4.27,3.38,3.77,3.96,3.92,4.2,4.23,4.41,4.45,4.56
% coarse silt,45.6,3.98,4.19,4.43,4.01,4.24,4.4,4.32,4.47,4.54,3.16,3.34,3.56,3.72,3.81,3.95,3.91,4.04,4.2,3.28,3.54,3.75,3.17,3.4,3.58,3.49,3.83,3.92,2.95,3.15,3.28,3.12,3.17,3.26,3.06,3.22,3.31,2.97,3.09,3.21,3.26,3.39,3.48,3.32,3.5,3.55,3.32,3.44,3.57,3.41,3.54,3.62,3.34,3.51,3.51,3.34,3.56,3.61,3.27,3.46,3.58,3.49,3.62,3.68,3.3,3.45,3.59,3.42,3.55,3.6,3.49,3.59,3.63,3.05,3.09,3.21,3.02,3.1,3.23,3.23,3.29,3.42,3.31,2.99,3.02,3.02,3.01,3.07,3.12,3.02,3.07,3.12,3.05,3.1,3.09,2.6,2.68,2.75,2.73,2.83,2.88,2.84,2.87,2.88,2.59,2.73,2.75,2.73,2.83,2.84,2.65,2.78,2.82,2.78,2.78,2.76,2.48,2.62,2.66,2.71,2.69,2.74,2.83,2.83,2.83,2.56,2.55,2.51,2.62,2.65,2.65,2.64,2.7,2.69,2.7,2.73,2.76,2.67,2.67,2.75,2.72,2.75,2.77,2.49,2.48,2.45,2.52,2.54,2.53,2.62,2.66,2.65,2.53,2.6,2.61,2.58,2.62,2.63,2.63,2.65,2.71,3.54,3.61,3.62,3.39,3.51,3.54,3.66,3.56,3.62,2.53,2.52,2.61,2.58,2.68,2.76,2.75,2.8,2.85,2.72,2.83,2.8,2.48,2.65,2.59,2.7,2.64,2.71,2.61,2.67,2.68,2.78,2.88,2.88,2.78,2.77,2.81,2.77,2.94,2.87,2.75,2.7,2.78,2.64,2.6,2.6,2.68,2.7,2.69,2.55,2.46,2.57,2.34,2.48,2.42,2.61,2.65,2.64,2.52,2.58,2.57,2.64,2.66,2.57,2.78,2.74,2.73,2.64,2.67,2.69,2.77,2.82,2.81,2.92,2.88,2.87,2.98,2.96,2.96,3.22,3.52,3.67,3.81,3.91,4.06,3.83,3.88,3.94,3.82,4.03,4.04,4.13,4.16,4.3,3.74,3.94,4.15,4.14,4.27,4.28,3.49,3.87,4.06,3.99,4.26,4.27,4.4,4.42,4.52
% coarse silt,51.8,4.06,4.25,4.48,4.07,4.3,4.41,4.34,4.48,4.52,3.28,3.44,3.66,3.8,3.87,4.02,3.97,4.1,4.25,3.39,3.65,3.85,3.28,3.51,3.68,3.6,3.92,4,2.99,3.2,3.32,3.16,3.22,3.31,3.1,3.27,3.35,2.97,3.11,3.22,3.26,3.4,3.49,3.31,3.5,3.54,3.21,3.31,3.45,3.3,3.43,3.5,3.22,3.39,3.4,3.16,3.37,3.42,3.1,3.27,3.4,3.29,3.42,3.47,3.14,3.29,3.41,3.24,3.36,3.41,3.3,3.4,3.43,2.83,2.87,2.98,2.82,2.89,3,3.01,3.05,3.17,3.05,2.88,2.9,2.9,2.8,2.85,2.9,2.79,2.81,2.86,2.8,2.83,2.82,2.41,2.49,2.56,2.58,2.67,2.73,2.62,2.64,2.66,2.39,2.51,2.53,2.5,2.59,2.6,2.42,2.54,2.58,2.53,2.52,2.5,2.27,2.39,2.43,2.46,2.44,2.47,2.56,2.56,2.55,2.35,2.34,2.3,2.4,2.42,2.42,2.38,2.43,2.43,2.45,2.48,2.52,2.42,2.43,2.49,2.47,2.49,2.5,2.23,2.22,2.2,2.26,2.28,2.27,2.38,2.41,2.39,2.28,2.33,2.35,2.35,2.38,2.4,2.35,2.38,2.43,3.33,3.38,3.37,3.22,3.3,3.31,3.41,3.29,3.33,2.36,2.35,2.43,2.36,2.45,2.51,2.5,2.55,2.58,2.5,2.59,2.56,2.3,2.44,2.39,2.48,2.42,2.48,2.38,2.43,2.44,2.55,2.65,2.64,2.57,2.56,2.59,2.54,2.71,2.64,2.5,2.47,2.53,2.43,2.38,2.37,2.42,2.44,2.42,2.28,2.2,2.31,2.16,2.29,2.23,2.4,2.43,2.42,2.23,2.28,2.28,2.41,2.43,2.35,2.52,2.47,2.46,2.43,2.46,2.47,2.6,2.62,2.61,2.7,2.65,2.64,2.73,2.7,2.69,3.33,3.6,3.75,3.92,3.99,4.14,3.86,3.88,3.92,3.84,4.03,4.03,4.13,4.13,4.26,3.83,4,4.19,4.14,4.25,4.24,3.58,3.96,4.13,4.03,4.28,4.27,4.34,4.35,4.42
% coarse silt,58.9,4.11,4.27,4.5,4.12,4.32,4.4,4.33,4.45,4.47,3.43,3.58,3.78,3.9,3.95,4.09,4.04,4.16,4.27,3.54,3.79,3.98,3.43,3.66,3.82,3.72,4.04,4.09,3.07,3.29,3.42,3.24,3.3,3.4,3.19,3.37,3.45,3.01,3.17,3.28,3.28,3.43,3.53,3.32,3.53,3.56,3.09,3.18,3.32,3.18,3.31,3.38,3.11,3.27,3.29,2.97,3.17,3.21,2.91,3.08,3.21,3.09,3.2,3.25,2.97,3.11,3.21,3.04,3.17,3.2,3.11,3.19,3.21,2.61,2.66,2.76,2.62,2.68,2.78,2.8,2.81,2.91,2.79,2.77,2.78,2.79,2.6,2.65,2.7,2.57,2.57,2.6,2.55,2.58,2.57,2.23,2.3,2.4,2.43,2.53,2.58,2.42,2.43,2.46,2.2,2.31,2.34,2.29,2.38,2.39,2.22,2.32,2.35,2.29,2.28,2.26,2.08,2.17,2.22,2.22,2.21,2.23,2.31,2.31,2.29,2.15,2.16,2.12,2.2,2.22,2.21,2.15,2.19,2.18,2.23,2.26,2.29,2.21,2.2,2.25,2.25,2.25,2.26,2.01,1.99,1.97,2.02,2.05,2.05,2.16,2.18,2.16,2.07,2.1,2.12,2.15,2.18,2.19,2.11,2.13,2.17,3.11,3.15,3.11,3.04,3.1,3.08,3.16,3.03,3.04,2.2,2.19,2.27,2.17,2.25,2.3,2.28,2.32,2.34,2.29,2.37,2.33,2.14,2.26,2.21,2.28,2.24,2.28,2.18,2.22,2.23,2.35,2.44,2.43,2.39,2.38,2.39,2.34,2.49,2.43,2.29,2.26,2.31,2.24,2.19,2.18,2.2,2.21,2.19,2.06,1.99,2.09,2.02,2.14,2.09,2.22,2.24,2.24,1.98,2.03,2.03,2.21,2.24,2.16,2.29,2.24,2.22,2.27,2.27,2.28,2.44,2.45,2.44,2.51,2.44,2.42,2.51,2.47,2.45,3.46,3.7,3.85,4.04,4.07,4.2,3.88,3.86,3.88,3.86,4.01,4.01,4.11,4.07,4.19,3.89,4.03,4.19,4.12,4.18,4.16,3.66,4.03,4.17,4.04,4.28,4.23,4.24,4.23,4.28
% v. fine sand,66.9,4.16,4.28,4.49,4.15,4.33,4.35,4.3,4.4,4.38,3.64,3.76,3.94,4.02,4.05,4.17,4.11,4.21,4.29,3.75,3.97,4.13,3.65,3.86,4.01,3.88,4.17,4.18,3.23,3.45,3.57,3.39,3.44,3.55,3.34,3.53,3.6,3.11,3.28,3.39,3.35,3.5,3.61,3.38,3.58,3.6,2.97,3.06,3.2,3.08,3.2,3.26,3.01,3.16,3.18,2.8,2.97,3.01,2.74,2.9,3.02,2.89,2.99,3.03,2.79,2.93,3.01,2.84,2.97,2.98,2.92,2.99,3,2.42,2.47,2.56,2.45,2.5,2.57,2.6,2.58,2.65,2.54,2.67,2.68,2.69,2.42,2.47,2.51,2.37,2.35,2.37,2.33,2.35,2.34,2.08,2.15,2.25,2.31,2.41,2.46,2.25,2.26,2.28,2.05,2.14,2.17,2.11,2.19,2.21,2.05,2.14,2.16,2.08,2.07,2.06,1.92,2,2.04,2.02,2.02,2.02,2.09,2.09,2.06,1.98,2.01,1.97,2.03,2.04,2.04,1.96,1.98,1.97,2.04,2.06,2.09,2.03,2.02,2.05,2.05,2.04,2.06,1.82,1.8,1.79,1.83,1.86,1.86,1.97,1.98,1.96,1.9,1.92,1.93,1.99,2.01,2.02,1.91,1.92,1.94,2.89,2.92,2.87,2.88,2.9,2.86,2.91,2.77,2.76,2.08,2.07,2.14,2.01,2.07,2.11,2.08,2.12,2.13,2.11,2.18,2.14,2.02,2.13,2.08,2.13,2.09,2.12,2.02,2.05,2.05,2.19,2.26,2.26,2.24,2.23,2.24,2.17,2.31,2.25,2.12,2.09,2.12,2.1,2.05,2.03,2.01,2.03,2,1.88,1.81,1.91,1.93,2.04,1.99,2.09,2.1,2.1,1.78,1.81,1.81,2.06,2.09,2.02,2.09,2.05,2.02,2.14,2.14,2.14,2.32,2.32,2.3,2.34,2.26,2.23,2.33,2.27,2.24,3.62,3.84,3.98,4.17,4.16,4.28,3.88,3.86,3.84,3.87,3.99,3.99,4.07,4,4.11,3.96,4.06,4.18,4.08,4.1,4.07,3.75,4.09,4.2,4.04,4.25,4.17,4.12,4.09,4.1
% v. fine sand,76,4.19,4.27,4.45,4.18,4.32,4.29,4.26,4.31,4.27,3.91,4,4.14,4.17,4.17,4.27,4.19,4.25,4.3,4,4.19,4.31,3.93,4.1,4.23,4.06,4.32,4.27,3.45,3.66,3.78,3.61,3.63,3.75,3.56,3.75,3.8,3.28,3.46,3.56,3.47,3.62,3.72,3.49,3.67,3.67,2.88,2.96,3.08,2.99,3.11,3.16,2.95,3.08,3.1,2.64,2.78,2.82,2.6,2.74,2.85,2.71,2.79,2.81,2.63,2.77,2.82,2.66,2.79,2.78,2.75,2.8,2.8,2.26,2.32,2.38,2.31,2.35,2.39,2.42,2.36,2.4,2.3,2.59,2.6,2.61,2.28,2.32,2.36,2.2,2.15,2.16,2.14,2.15,2.14,1.96,2.04,2.15,2.23,2.34,2.37,2.12,2.13,2.15,1.94,2.01,2.05,1.97,2.03,2.07,1.94,1.99,2.01,1.91,1.9,1.9,1.79,1.87,1.91,1.86,1.86,1.85,1.9,1.9,1.87,1.86,1.89,1.86,1.91,1.91,1.92,1.8,1.81,1.8,1.89,1.9,1.92,1.88,1.87,1.88,1.89,1.87,1.89,1.67,1.65,1.65,1.69,1.72,1.73,1.82,1.81,1.79,1.77,1.78,1.78,1.88,1.89,1.89,1.75,1.75,1.75,2.71,2.7,2.63,2.73,2.72,2.66,2.68,2.52,2.49,1.98,1.99,2.04,1.9,1.93,1.97,1.92,1.95,1.96,1.97,2.02,1.99,1.94,2.03,1.98,2.01,1.98,2,1.9,1.92,1.92,2.06,2.11,2.11,2.12,2.12,2.12,2.03,2.14,2.1,1.99,1.96,1.98,1.99,1.95,1.92,1.87,1.89,1.86,1.75,1.69,1.78,1.88,2,1.94,2.01,2,2,1.62,1.63,1.64,1.94,1.97,1.92,1.94,1.9,1.86,2.06,2.04,2.04,2.23,2.21,2.19,2.21,2.12,2.07,2.17,2.1,2.06,3.83,4.02,4.14,4.31,4.26,4.35,3.91,3.87,3.81,3.91,3.98,3.97,4.03,3.94,4.02,4.03,4.08,4.15,4.04,4.01,3.96,3.86,4.16,4.22,4.02,4.2,4.09,3.96,3.92,3.89
% v. fine sand,86.4,4.22,4.25,4.38,4.2,4.28,4.2,4.19,4.19,4.12,4.23,4.28,4.37,4.34,4.3,4.35,4.25,4.28,4.28,4.3,4.43,4.49,4.26,4.36,4.47,4.23,4.45,4.33,3.73,3.92,4.02,3.89,3.87,3.98,3.85,4.01,4.04,3.51,3.69,3.77,3.63,3.76,3.84,3.62,3.76,3.74,2.81,2.87,2.98,2.92,3.04,3.06,2.91,3.02,3.02,2.51,2.61,2.64,2.48,2.6,2.69,2.55,2.61,2.6,2.48,2.62,2.65,2.51,2.62,2.58,2.59,2.63,2.61,2.15,2.22,2.24,2.21,2.24,2.24,2.26,2.17,2.17,2.08,2.56,2.56,2.56,2.17,2.2,2.23,2.05,1.99,1.98,1.97,1.98,1.96,1.89,1.98,2.09,2.19,2.3,2.32,2.03,2.03,2.05,1.87,1.94,1.98,1.88,1.91,1.96,1.86,1.88,1.9,1.77,1.77,1.78,1.71,1.79,1.83,1.73,1.73,1.71,1.75,1.74,1.71,1.77,1.81,1.78,1.82,1.81,1.83,1.68,1.67,1.66,1.77,1.78,1.78,1.75,1.74,1.73,1.75,1.72,1.74,1.56,1.54,1.56,1.6,1.63,1.64,1.7,1.67,1.65,1.67,1.68,1.67,1.8,1.81,1.8,1.64,1.61,1.6,2.54,2.5,2.42,2.61,2.56,2.48,2.45,2.29,2.23,1.92,1.94,1.97,1.81,1.82,1.86,1.78,1.81,1.8,1.85,1.9,1.86,1.9,1.97,1.91,1.92,1.89,1.91,1.81,1.82,1.82,1.96,1.99,1.99,2.03,2.03,2.02,1.91,2.01,1.98,1.89,1.85,1.86,1.92,1.88,1.84,1.76,1.77,1.75,1.66,1.6,1.69,1.88,2,1.93,1.96,1.93,1.92,1.5,1.48,1.5,1.87,1.89,1.84,1.82,1.77,1.73,2.02,1.98,1.98,2.17,2.13,2.11,2.1,2.01,1.93,2.04,1.95,1.91,4.09,4.24,4.33,4.45,4.36,4.42,3.94,3.9,3.8,3.96,3.98,3.96,3.98,3.89,3.94,4.11,4.11,4.12,3.99,3.91,3.86,3.99,4.22,4.21,3.98,4.11,3.99,3.78,3.72,3.65
% v. fine sand,98.1,4.22,4.19,4.25,4.2,4.21,4.08,4.09,4.02,3.93,4.56,4.56,4.58,4.5,4.4,4.39,4.28,4.26,4.21,4.59,4.65,4.62,4.59,4.61,4.67,4.38,4.53,4.35,4.04,4.18,4.26,4.19,4.11,4.19,4.15,4.27,4.28,3.76,3.93,3.98,3.8,3.9,3.93,3.76,3.82,3.8,2.76,2.81,2.87,2.86,2.97,2.96,2.89,2.96,2.93,2.41,2.45,2.48,2.4,2.49,2.54,2.4,2.43,2.4,2.36,2.49,2.49,2.37,2.47,2.4,2.44,2.46,2.43,2.07,2.14,2.12,2.14,2.15,2.11,2.11,1.98,1.95,1.87,2.57,2.54,2.52,2.08,2.11,2.11,1.91,1.84,1.81,1.81,1.83,1.79,1.88,1.99,2.06,2.19,2.3,2.29,1.98,1.97,1.97,1.85,1.9,1.93,1.82,1.8,1.87,1.83,1.8,1.82,1.66,1.67,1.67,1.67,1.75,1.79,1.62,1.63,1.6,1.63,1.61,1.58,1.71,1.74,1.71,1.77,1.74,1.76,1.58,1.56,1.55,1.67,1.67,1.65,1.64,1.63,1.6,1.64,1.59,1.61,1.48,1.46,1.48,1.55,1.57,1.57,1.59,1.55,1.53,1.59,1.6,1.59,1.74,1.75,1.74,1.55,1.49,1.47,2.41,2.32,2.22,2.49,2.4,2.3,2.23,2.07,1.98,1.89,1.92,1.93,1.74,1.73,1.77,1.67,1.67,1.67,1.75,1.79,1.75,1.89,1.94,1.87,1.86,1.82,1.85,1.76,1.74,1.74,1.88,1.89,1.89,1.97,1.96,1.95,1.81,1.88,1.87,1.81,1.75,1.76,1.86,1.83,1.77,1.68,1.67,1.66,1.59,1.54,1.6,1.91,2.02,1.94,1.94,1.87,1.86,1.4,1.35,1.38,1.81,1.82,1.77,1.72,1.66,1.63,1.99,1.94,1.93,2.13,2.06,2.04,2,1.9,1.8,1.92,1.8,1.76,4.37,4.48,4.52,4.57,4.44,4.45,3.99,3.95,3.8,4.01,3.98,3.94,3.92,3.84,3.84,4.19,4.13,4.08,3.92,3.8,3.75,4.12,4.27,4.18,3.91,3.99,3.86,3.56,3.48,3.39
% v. fine sand,111,4.17,4.09,4.07,4.15,4.08,3.91,3.93,3.79,3.68,4.86,4.81,4.74,4.6,4.45,4.36,4.25,4.18,4.07,4.83,4.8,4.69,4.87,4.78,4.78,4.44,4.52,4.28,4.32,4.39,4.45,4.47,4.3,4.35,4.42,4.47,4.44,4.01,4.14,4.16,3.95,4,3.97,3.85,3.83,3.79,2.72,2.75,2.75,2.8,2.89,2.85,2.87,2.89,2.82,2.34,2.31,2.33,2.34,2.4,2.4,2.27,2.25,2.18,2.27,2.38,2.35,2.26,2.32,2.22,2.3,2.31,2.25,2.03,2.09,2.03,2.09,2.07,2.01,1.97,1.81,1.74,1.66,2.6,2.55,2.49,2.02,2.02,1.99,1.77,1.69,1.66,1.66,1.67,1.62,1.92,2.05,2.06,2.23,2.32,2.28,1.94,1.92,1.89,1.87,1.91,1.91,1.78,1.72,1.79,1.81,1.75,1.76,1.57,1.58,1.57,1.66,1.75,1.78,1.53,1.53,1.51,1.51,1.5,1.47,1.67,1.69,1.65,1.73,1.69,1.71,1.5,1.45,1.44,1.6,1.58,1.52,1.52,1.52,1.47,1.53,1.47,1.47,1.42,1.4,1.42,1.54,1.52,1.52,1.49,1.44,1.41,1.52,1.55,1.51,1.7,1.7,1.68,1.47,1.38,1.35,2.29,2.14,2.03,2.37,2.24,2.13,2,1.85,1.72,1.9,1.92,1.91,1.68,1.65,1.7,1.57,1.54,1.54,1.66,1.69,1.64,1.89,1.92,1.84,1.8,1.75,1.78,1.71,1.68,1.69,1.81,1.79,1.79,1.91,1.9,1.87,1.72,1.77,1.76,1.75,1.65,1.67,1.81,1.77,1.71,1.6,1.56,1.57,1.53,1.49,1.52,1.95,2.05,1.95,1.91,1.82,1.8,1.31,1.22,1.27,1.76,1.75,1.7,1.63,1.56,1.53,1.97,1.91,1.89,2.1,1.99,1.97,1.89,1.79,1.66,1.79,1.65,1.62,4.63,4.7,4.67,4.62,4.45,4.41,4.03,3.98,3.79,4.05,3.96,3.89,3.83,3.77,3.71,4.25,4.14,4.02,3.82,3.68,3.62,4.24,4.27,4.1,3.8,3.81,3.67,3.29,3.2,3.09
% fine sand,127,4.04,3.92,3.8,4.02,3.87,3.68,3.7,3.49,3.37,5.07,4.95,4.79,4.6,4.4,4.22,4.13,4.01,3.84,4.96,4.84,4.63,5.04,4.82,4.76,4.38,4.38,4.09,4.52,4.5,4.52,4.65,4.4,4.4,4.59,4.55,4.5,4.2,4.26,4.24,4.03,4.01,3.91,3.86,3.75,3.69,2.69,2.69,2.62,2.73,2.79,2.7,2.83,2.79,2.68,2.28,2.18,2.17,2.3,2.31,2.25,2.16,2.08,1.97,2.22,2.28,2.21,2.16,2.18,2.06,2.18,2.15,2.06,2.01,2.05,1.93,2.04,2.01,1.91,1.82,1.64,1.53,1.46,2.67,2.58,2.45,1.97,1.93,1.87,1.62,1.56,1.51,1.51,1.52,1.45,2.01,2.15,2.08,2.29,2.35,2.28,1.93,1.87,1.82,1.92,1.93,1.9,1.76,1.64,1.71,1.81,1.71,1.72,1.49,1.5,1.47,1.68,1.77,1.78,1.46,1.45,1.42,1.42,1.4,1.36,1.65,1.63,1.59,1.71,1.64,1.66,1.42,1.36,1.34,1.53,1.5,1.41,1.4,1.41,1.34,1.42,1.35,1.34,1.38,1.35,1.36,1.53,1.48,1.46,1.39,1.34,1.3,1.44,1.49,1.43,1.65,1.65,1.62,1.39,1.28,1.25,2.18,1.98,1.86,2.24,2.07,1.95,1.78,1.62,1.48,1.92,1.92,1.91,1.61,1.56,1.62,1.48,1.42,1.41,1.57,1.59,1.54,1.88,1.91,1.82,1.73,1.68,1.71,1.68,1.63,1.64,1.73,1.69,1.68,1.86,1.83,1.79,1.62,1.66,1.65,1.69,1.55,1.58,1.76,1.7,1.64,1.52,1.46,1.48,1.48,1.44,1.43,1.99,2.07,1.95,1.87,1.76,1.72,1.22,1.1,1.16,1.71,1.67,1.61,1.54,1.45,1.43,1.93,1.86,1.85,2.07,1.92,1.89,1.76,1.67,1.51,1.65,1.5,1.47,4.83,4.84,4.73,4.57,4.38,4.27,4.05,3.97,3.75,4.03,3.91,3.78,3.7,3.67,3.55,4.28,4.09,3.92,3.66,3.52,3.45,4.32,4.22,3.95,3.62,3.57,3.44,2.97,2.87,2.76
% fine sand,144,3.83,3.66,3.45,3.81,3.58,3.37,3.4,3.13,3,5.14,4.95,4.7,4.46,4.22,3.97,3.89,3.73,3.51,4.92,4.72,4.42,5.04,4.7,4.56,4.18,4.09,3.79,4.58,4.48,4.43,4.69,4.35,4.3,4.62,4.49,4.4,4.28,4.26,4.2,4,3.92,3.73,3.75,3.57,3.49,2.66,2.62,2.48,2.65,2.66,2.52,2.75,2.65,2.5,2.22,2.07,2.02,2.27,2.23,2.11,2.04,1.91,1.76,2.2,2.19,2.09,2.08,2.04,1.92,2.05,1.99,1.87,1.99,2.01,1.83,1.99,1.93,1.81,1.66,1.47,1.34,1.26,2.73,2.6,2.4,1.91,1.84,1.74,1.46,1.42,1.37,1.36,1.36,1.29,2.13,2.27,2.1,2.36,2.37,2.26,1.91,1.82,1.73,2,1.98,1.89,1.74,1.57,1.63,1.81,1.69,1.68,1.43,1.43,1.36,1.72,1.79,1.79,1.4,1.36,1.34,1.33,1.32,1.26,1.65,1.57,1.52,1.7,1.6,1.6,1.34,1.26,1.24,1.47,1.42,1.3,1.27,1.28,1.21,1.31,1.24,1.2,1.36,1.3,1.29,1.53,1.44,1.38,1.29,1.24,1.19,1.36,1.43,1.35,1.6,1.59,1.56,1.3,1.17,1.16,2.08,1.83,1.7,2.1,1.89,1.77,1.55,1.4,1.24,1.97,1.94,1.92,1.54,1.48,1.55,1.39,1.31,1.3,1.48,1.5,1.43,1.87,1.89,1.79,1.67,1.61,1.63,1.64,1.58,1.61,1.64,1.58,1.57,1.8,1.76,1.69,1.53,1.56,1.54,1.62,1.45,1.5,1.7,1.62,1.56,1.45,1.35,1.38,1.42,1.38,1.33,2.01,2.08,1.92,1.81,1.69,1.63,1.12,0.99,1.05,1.67,1.59,1.51,1.45,1.33,1.34,1.88,1.81,1.79,2.03,1.85,1.81,1.62,1.55,1.37,1.5,1.34,1.33,4.9,4.86,4.65,4.39,4.18,4.02,4.01,3.89,3.65,3.95,3.78,3.6,3.51,3.5,3.32,4.24,3.99,3.76,3.44,3.31,3.24,4.32,4.09,3.72,3.36,3.25,3.14,2.61,2.51,2.41
% fine sand,163,3.51,3.31,3.03,3.5,3.21,3,3.02,2.7,2.58,5.03,4.76,4.44,4.17,3.91,3.59,3.54,3.35,3.1,4.7,4.41,4.07,4.84,4.4,4.19,3.82,3.66,3.36,4.47,4.28,4.18,4.54,4.14,4.02,4.47,4.24,4.13,4.21,4.11,4.01,3.84,3.69,3.43,3.52,3.27,3.18,2.61,2.51,2.31,2.53,2.48,2.31,2.63,2.47,2.28,2.16,1.95,1.86,2.23,2.14,1.95,1.93,1.73,1.55,2.21,2.1,1.97,2.01,1.91,1.79,1.94,1.83,1.69,1.96,1.94,1.72,1.92,1.84,1.71,1.5,1.31,1.16,1.07,2.77,2.6,2.33,1.83,1.73,1.59,1.3,1.28,1.23,1.21,1.19,1.13,2.27,2.38,2.12,2.41,2.36,2.22,1.88,1.74,1.62,2.09,2.01,1.87,1.71,1.5,1.54,1.81,1.67,1.65,1.37,1.36,1.25,1.77,1.81,1.79,1.36,1.29,1.25,1.26,1.26,1.17,1.65,1.51,1.44,1.68,1.56,1.53,1.26,1.18,1.15,1.42,1.35,1.21,1.14,1.16,1.09,1.21,1.13,1.06,1.34,1.25,1.21,1.52,1.38,1.29,1.18,1.15,1.1,1.27,1.36,1.27,1.54,1.52,1.48,1.21,1.08,1.08,1.98,1.7,1.55,1.94,1.71,1.59,1.34,1.19,1.03,2.04,1.95,1.94,1.47,1.4,1.47,1.31,1.22,1.2,1.4,1.41,1.32,1.83,1.86,1.75,1.59,1.53,1.53,1.6,1.53,1.58,1.55,1.48,1.47,1.73,1.68,1.6,1.44,1.47,1.45,1.54,1.36,1.42,1.66,1.54,1.48,1.38,1.24,1.28,1.35,1.31,1.23,2.02,2.05,1.87,1.72,1.6,1.53,1.02,0.89,0.94,1.63,1.51,1.41,1.37,1.22,1.25,1.81,1.75,1.72,2,1.78,1.72,1.48,1.41,1.23,1.35,1.19,1.18,4.82,4.71,4.43,4.07,3.86,3.65,3.9,3.72,3.47,3.78,3.57,3.35,3.26,3.27,3.04,4.1,3.8,3.53,3.15,3.05,2.98,4.2,3.86,3.41,3.05,2.88,2.77,2.22,2.12,2.05
% fine sand,186,3.1,2.89,2.56,3.1,2.77,2.57,2.58,2.25,2.15,4.73,4.38,4.02,3.73,3.47,3.12,3.08,2.88,2.63,4.29,3.94,3.57,4.43,3.92,3.67,3.33,3.12,2.85,4.17,3.91,3.75,4.2,3.74,3.58,4.13,3.83,3.69,3.99,3.8,3.66,3.53,3.34,3.02,3.15,2.88,2.79,2.54,2.37,2.13,2.39,2.27,2.05,2.44,2.25,2.01,2.09,1.83,1.7,2.18,2.04,1.79,1.81,1.56,1.36,2.24,2.01,1.84,1.94,1.78,1.67,1.82,1.67,1.5,1.91,1.84,1.59,1.82,1.72,1.59,1.34,1.15,1,0.89,2.75,2.56,2.22,1.72,1.6,1.44,1.15,1.15,1.1,1.08,1.03,0.99,2.39,2.46,2.11,2.42,2.31,2.14,1.83,1.64,1.5,2.19,2.03,1.83,1.67,1.44,1.44,1.78,1.65,1.61,1.33,1.3,1.12,1.83,1.8,1.77,1.33,1.23,1.16,1.21,1.21,1.09,1.67,1.46,1.38,1.65,1.51,1.45,1.18,1.1,1.06,1.37,1.28,1.13,1.03,1.04,0.98,1.12,1.03,0.94,1.33,1.19,1.12,1.49,1.31,1.2,1.08,1.08,1.02,1.18,1.29,1.19,1.47,1.42,1.39,1.11,0.99,1,1.86,1.57,1.42,1.78,1.52,1.42,1.15,1,0.86,2.12,1.97,1.95,1.39,1.32,1.39,1.24,1.16,1.13,1.33,1.32,1.22,1.78,1.83,1.69,1.51,1.45,1.42,1.56,1.49,1.55,1.44,1.38,1.37,1.65,1.6,1.5,1.36,1.4,1.36,1.44,1.29,1.36,1.62,1.45,1.42,1.32,1.16,1.18,1.28,1.23,1.14,2,2,1.8,1.61,1.5,1.41,0.92,0.82,0.84,1.59,1.43,1.31,1.28,1.12,1.17,1.73,1.67,1.65,1.96,1.71,1.63,1.35,1.29,1.11,1.21,1.06,1.06,4.56,4.38,4.05,3.63,3.42,3.18,3.69,3.46,3.21,3.51,3.28,3.04,2.95,2.95,2.7,3.86,3.52,3.23,2.79,2.72,2.65,3.96,3.53,3.03,2.67,2.48,2.37,1.82,1.73,1.69
% fine sand,211,2.62,2.41,2.06,2.63,2.3,2.1,2.11,1.79,1.71,4.24,3.82,3.47,3.16,2.93,2.59,2.56,2.35,2.12,3.72,3.32,2.98,3.85,3.31,3.05,2.75,2.52,2.28,3.71,3.4,3.19,3.68,3.2,3.01,3.62,3.28,3.13,3.62,3.37,3.18,3.11,2.89,2.55,2.69,2.44,2.35,2.43,2.18,1.95,2.2,2.02,1.78,2.18,1.98,1.73,1.99,1.71,1.53,2.1,1.9,1.62,1.68,1.39,1.19,2.27,1.91,1.7,1.85,1.65,1.56,1.71,1.52,1.32,1.81,1.7,1.43,1.69,1.57,1.45,1.19,1,0.86,0.74,2.66,2.46,2.08,1.58,1.45,1.28,1,1.03,0.97,0.96,0.87,0.86,2.46,2.48,2.08,2.38,2.2,2.03,1.73,1.51,1.36,2.25,2.01,1.77,1.61,1.38,1.33,1.74,1.62,1.56,1.29,1.23,1.01,1.87,1.77,1.71,1.32,1.2,1.08,1.16,1.17,1.02,1.68,1.43,1.33,1.62,1.47,1.36,1.11,1.04,0.98,1.32,1.22,1.07,0.95,0.95,0.89,1.05,0.96,0.84,1.33,1.14,1.01,1.42,1.22,1.1,1,1.01,0.95,1.1,1.2,1.11,1.39,1.32,1.28,1,0.9,0.92,1.72,1.44,1.29,1.61,1.33,1.25,0.98,0.84,0.73,2.21,1.99,1.96,1.32,1.25,1.32,1.19,1.13,1.08,1.27,1.24,1.11,1.71,1.78,1.62,1.43,1.38,1.31,1.52,1.44,1.52,1.35,1.28,1.28,1.58,1.52,1.42,1.3,1.34,1.29,1.34,1.23,1.3,1.59,1.38,1.37,1.28,1.1,1.11,1.22,1.14,1.05,1.96,1.91,1.71,1.48,1.39,1.3,0.83,0.76,0.75,1.57,1.38,1.23,1.21,1.05,1.11,1.65,1.59,1.57,1.92,1.65,1.55,1.23,1.19,1.03,1.08,0.98,0.96,4.12,3.89,3.52,3.09,2.89,2.63,3.39,3.1,2.86,3.16,2.9,2.68,2.59,2.57,2.32,3.51,3.17,2.87,2.41,2.35,2.28,3.59,3.11,2.6,2.28,2.06,1.95,1.44,1.37,1.36
% fine sand,240,2.1,1.91,1.59,2.12,1.81,1.64,1.63,1.35,1.29,3.62,3.15,2.84,2.52,2.34,2.05,2.01,1.82,1.62,3.05,2.63,2.35,3.15,2.63,2.4,2.14,1.91,1.72,3.13,2.8,2.55,3.03,2.56,2.37,3,2.65,2.51,3.14,2.86,2.63,2.61,2.38,2.06,2.18,1.97,1.89,2.28,1.95,1.75,1.99,1.74,1.49,1.88,1.7,1.44,1.86,1.56,1.35,1.99,1.74,1.44,1.53,1.23,1.04,2.26,1.79,1.55,1.74,1.53,1.46,1.6,1.37,1.17,1.67,1.52,1.24,1.53,1.4,1.28,1.05,0.86,0.73,0.62,2.48,2.29,1.91,1.41,1.28,1.13,0.87,0.9,0.84,0.86,0.73,0.75,2.46,2.41,2.01,2.28,2.04,1.87,1.59,1.36,1.23,2.27,1.94,1.68,1.51,1.32,1.22,1.67,1.57,1.47,1.24,1.18,0.91,1.9,1.69,1.62,1.32,1.18,1,1.11,1.13,0.96,1.7,1.41,1.3,1.58,1.42,1.28,1.04,0.99,0.92,1.26,1.16,1.03,0.9,0.88,0.83,0.98,0.89,0.77,1.32,1.08,0.9,1.33,1.12,1.01,0.94,0.94,0.9,1.05,1.1,1.04,1.31,1.2,1.17,0.9,0.83,0.83,1.53,1.3,1.16,1.45,1.15,1.1,0.83,0.73,0.65,2.28,2.01,1.96,1.27,1.2,1.26,1.16,1.13,1.06,1.23,1.17,1.01,1.64,1.71,1.53,1.34,1.31,1.19,1.49,1.38,1.48,1.26,1.2,1.21,1.5,1.44,1.34,1.25,1.29,1.24,1.24,1.2,1.24,1.56,1.32,1.36,1.26,1.08,1.05,1.16,1.06,0.99,1.9,1.8,1.63,1.33,1.28,1.19,0.76,0.74,0.68,1.55,1.35,1.19,1.15,1,1.07,1.55,1.51,1.48,1.88,1.61,1.49,1.15,1.11,1,0.98,0.93,0.89,3.53,3.27,2.91,2.5,2.33,2.06,3,2.67,2.46,2.74,2.46,2.3,2.22,2.14,1.92,3.07,2.75,2.46,2.01,1.94,1.88,3.12,2.62,2.15,1.89,1.68,1.53,1.11,1.06,1.06
% med sand,272,1.59,1.42,1.17,1.63,1.36,1.21,1.19,0.96,0.92,2.94,2.43,2.2,1.87,1.77,1.55,1.49,1.32,1.17,2.35,1.93,1.73,2.42,1.96,1.78,1.57,1.36,1.2,2.51,2.18,1.92,2.33,1.89,1.72,2.34,2.02,1.88,2.61,2.32,2.07,2.08,1.86,1.6,1.68,1.53,1.47,2.09,1.69,1.55,1.76,1.45,1.22,1.56,1.41,1.16,1.7,1.4,1.18,1.84,1.55,1.26,1.38,1.07,0.91,2.21,1.65,1.38,1.61,1.4,1.35,1.49,1.23,1.03,1.48,1.31,1.05,1.37,1.22,1.09,0.92,0.75,0.63,0.54,2.2,2.06,1.72,1.22,1.11,0.98,0.77,0.78,0.71,0.76,0.59,0.65,2.38,2.25,1.9,2.11,1.83,1.68,1.41,1.2,1.09,2.21,1.81,1.57,1.39,1.26,1.12,1.57,1.48,1.34,1.19,1.12,0.83,1.9,1.59,1.5,1.32,1.18,0.93,1.05,1.07,0.91,1.7,1.42,1.31,1.53,1.38,1.2,0.99,0.95,0.87,1.18,1.08,0.98,0.89,0.85,0.78,0.93,0.85,0.72,1.29,1.04,0.79,1.2,1.02,0.94,0.88,0.87,0.86,1.02,0.99,0.96,1.22,1.08,1.05,0.79,0.77,0.73,1.31,1.14,1.01,1.31,0.98,0.96,0.7,0.65,0.61,2.33,2.05,1.95,1.25,1.15,1.22,1.16,1.16,1.05,1.19,1.1,0.92,1.56,1.63,1.43,1.26,1.26,1.09,1.45,1.33,1.42,1.19,1.14,1.15,1.43,1.38,1.29,1.23,1.23,1.21,1.13,1.19,1.17,1.54,1.3,1.36,1.25,1.08,1.02,1.11,0.98,0.95,1.83,1.68,1.55,1.19,1.16,1.09,0.71,0.74,0.62,1.54,1.35,1.19,1.09,1,1.05,1.46,1.43,1.38,1.85,1.59,1.44,1.11,1.07,1.02,0.91,0.91,0.85,2.86,2.58,2.27,1.92,1.78,1.51,2.56,2.21,2.02,2.31,1.99,1.93,1.84,1.7,1.52,2.57,2.29,2.02,1.63,1.53,1.47,2.57,2.11,1.71,1.55,1.34,1.17,0.84,0.83,0.81
% med sand,310,1.13,1,0.83,1.19,0.97,0.84,0.82,0.65,0.63,2.26,1.74,1.6,1.28,1.26,1.12,1.03,0.9,0.79,1.69,1.29,1.18,1.73,1.35,1.25,1.08,0.91,0.77,1.9,1.59,1.34,1.65,1.26,1.13,1.7,1.45,1.32,2.08,1.81,1.54,1.58,1.38,1.19,1.23,1.14,1.1,1.87,1.43,1.35,1.53,1.18,0.97,1.24,1.15,0.93,1.51,1.22,1.01,1.68,1.34,1.08,1.21,0.91,0.79,2.09,1.48,1.21,1.46,1.27,1.22,1.36,1.08,0.92,1.27,1.09,0.85,1.19,1.04,0.89,0.82,0.65,0.53,0.5,1.84,1.76,1.53,1.02,0.92,0.84,0.69,0.66,0.58,0.67,0.47,0.56,2.21,1.99,1.74,1.9,1.59,1.48,1.18,1.03,0.97,2.07,1.62,1.44,1.26,1.18,1.02,1.46,1.34,1.18,1.11,1.05,0.78,1.87,1.48,1.37,1.29,1.19,0.89,0.97,0.97,0.86,1.68,1.44,1.35,1.45,1.32,1.13,0.95,0.92,0.83,1.08,0.99,0.92,0.91,0.85,0.74,0.88,0.8,0.69,1.23,1,0.7,1.04,0.91,0.9,0.83,0.77,0.81,1.01,0.87,0.88,1.12,0.95,0.93,0.7,0.72,0.6,1.05,0.95,0.84,1.18,0.83,0.83,0.59,0.61,0.6,2.34,2.08,1.92,1.24,1.13,1.18,1.17,1.18,1.04,1.17,1.04,0.85,1.51,1.52,1.33,1.19,1.21,1,1.41,1.27,1.34,1.13,1.09,1.1,1.36,1.32,1.24,1.21,1.15,1.17,1.03,1.19,1.08,1.5,1.29,1.37,1.24,1.11,1.01,1.05,0.91,0.92,1.75,1.54,1.49,1.05,1.04,1,0.69,0.76,0.59,1.52,1.36,1.22,1.04,1.02,1.05,1.36,1.36,1.28,1.8,1.57,1.41,1.08,1.05,1.07,0.86,0.92,0.83,2.16,1.92,1.66,1.41,1.29,1.03,2.08,1.76,1.6,1.88,1.54,1.58,1.49,1.28,1.16,2.05,1.84,1.58,1.3,1.14,1.09,2.01,1.62,1.31,1.28,1.06,0.87,0.64,0.67,0.61
% med sand,352,0.77,0.68,0.58,0.82,0.66,0.55,0.53,0.41,0.4,1.64,1.16,1.08,0.8,0.85,0.78,0.67,0.57,0.5,1.14,0.76,0.73,1.15,0.87,0.83,0.7,0.58,0.46,1.38,1.1,0.87,1.07,0.74,0.66,1.15,0.98,0.86,1.62,1.37,1.1,1.15,0.96,0.87,0.89,0.83,0.79,1.62,1.18,1.16,1.3,0.93,0.77,0.95,0.92,0.75,1.32,1.02,0.85,1.5,1.14,0.9,1.04,0.76,0.67,1.89,1.31,1.03,1.29,1.11,1.07,1.22,0.93,0.82,1.04,0.88,0.67,1.04,0.87,0.69,0.73,0.59,0.44,0.51,1.44,1.43,1.35,0.82,0.74,0.7,0.63,0.53,0.44,0.56,0.35,0.45,1.96,1.67,1.55,1.65,1.34,1.26,0.92,0.84,0.85,1.85,1.38,1.27,1.11,1.07,0.92,1.32,1.16,0.97,0.99,0.97,0.76,1.81,1.36,1.24,1.21,1.19,0.86,0.85,0.84,0.79,1.61,1.45,1.41,1.34,1.25,1.08,0.92,0.87,0.8,0.95,0.88,0.84,0.93,0.86,0.69,0.82,0.75,0.67,1.12,0.97,0.62,0.86,0.8,0.85,0.76,0.65,0.73,1.01,0.72,0.77,1.01,0.83,0.82,0.61,0.65,0.45,0.76,0.72,0.65,1.07,0.71,0.73,0.49,0.6,0.59,2.28,2.09,1.86,1.24,1.1,1.13,1.19,1.19,1.01,1.15,0.96,0.79,1.48,1.4,1.23,1.12,1.16,0.93,1.37,1.2,1.23,1.1,1.04,1.04,1.31,1.27,1.2,1.2,1.05,1.13,0.94,1.17,0.95,1.42,1.28,1.37,1.22,1.13,0.99,0.98,0.86,0.88,1.66,1.4,1.44,0.92,0.91,0.92,0.7,0.78,0.58,1.47,1.36,1.28,0.99,1.06,1.06,1.26,1.27,1.16,1.73,1.54,1.38,1.06,1.04,1.13,0.82,0.92,0.82,1.53,1.33,1.14,1,0.91,0.66,1.61,1.34,1.22,1.49,1.13,1.26,1.17,0.93,0.83,1.56,1.42,1.18,1.03,0.81,0.77,1.49,1.18,0.98,1.09,0.86,0.67,0.52,0.58,0.47
% med sand,400,0.51,0.47,0.41,0.56,0.45,0.36,0.34,0.26,0.26,1.13,0.71,0.68,0.46,0.56,0.53,0.42,0.35,0.31,0.72,0.4,0.4,0.72,0.51,0.53,0.45,0.37,0.28,0.98,0.74,0.53,0.63,0.37,0.33,0.73,0.64,0.52,1.24,1.01,0.76,0.82,0.63,0.61,0.66,0.59,0.55,1.37,0.97,0.97,1.1,0.73,0.62,0.74,0.74,0.63,1.12,0.82,0.7,1.31,0.94,0.73,0.86,0.62,0.54,1.61,1.12,0.86,1.12,0.94,0.89,1.05,0.77,0.73,0.83,0.69,0.5,0.9,0.71,0.5,0.64,0.54,0.35,0.54,1.03,1.08,1.18,0.65,0.56,0.55,0.57,0.39,0.3,0.44,0.23,0.34,1.66,1.3,1.31,1.39,1.08,1.04,0.65,0.66,0.72,1.56,1.11,1.08,0.98,0.94,0.82,1.16,0.93,0.75,0.84,0.86,0.74,1.73,1.24,1.12,1.08,1.15,0.84,0.69,0.66,0.7,1.47,1.44,1.46,1.2,1.15,1.03,0.89,0.81,0.77,0.79,0.73,0.72,0.92,0.87,0.62,0.73,0.67,0.62,0.96,0.94,0.57,0.68,0.69,0.81,0.66,0.5,0.63,0.98,0.56,0.63,0.88,0.72,0.7,0.53,0.58,0.29,0.48,0.48,0.45,0.98,0.62,0.63,0.39,0.59,0.58,2.14,2.07,1.77,1.25,1.08,1.07,1.19,1.14,0.94,1.12,0.87,0.75,1.48,1.27,1.14,1.04,1.11,0.87,1.3,1.13,1.09,1.08,0.99,0.97,1.26,1.21,1.15,1.19,0.91,1.06,0.85,1.13,0.78,1.29,1.25,1.33,1.16,1.11,0.96,0.89,0.83,0.82,1.57,1.25,1.39,0.8,0.78,0.82,0.73,0.79,0.59,1.37,1.33,1.34,0.92,1.09,1.04,1.15,1.16,1.03,1.61,1.48,1.35,1.03,1.04,1.18,0.78,0.9,0.79,1.02,0.87,0.75,0.7,0.64,0.41,1.16,0.99,0.92,1.16,0.79,0.97,0.9,0.66,0.57,1.15,1.05,0.82,0.82,0.55,0.52,1.06,0.82,0.72,0.98,0.7,0.55,0.46,0.53,0.38
% med sand,454,0.37,0.38,0.3,0.4,0.33,0.25,0.24,0.19,0.17,0.74,0.42,0.38,0.26,0.37,0.34,0.29,0.22,0.2,0.44,0.19,0.07,0.46,0.3,0.32,0.29,0.27,0.21,0.72,0.51,0.33,0.35,0.15,0.15,0.45,0.42,0.3,0.94,0.73,0.5,0.59,0.38,0.43,0.54,0.42,0.36,1.12,0.81,0.78,0.91,0.56,0.52,0.61,0.6,0.58,0.94,0.62,0.55,1.12,0.75,0.57,0.69,0.47,0.41,1.27,0.92,0.69,0.95,0.74,0.68,0.85,0.6,0.62,0.65,0.53,0.36,0.78,0.59,0.34,0.56,0.51,0.26,0.57,0.66,0.74,1.02,0.5,0.38,0.4,0.5,0.26,0.17,0.31,0.13,0.22,1.32,0.92,1.05,1.14,0.83,0.83,0.38,0.47,0.59,1.23,0.83,0.87,0.85,0.77,0.69,0.97,0.68,0.52,0.66,0.72,0.72,1.61,1.14,1.01,0.89,1.06,0.81,0.5,0.45,0.57,1.27,1.37,1.48,1.01,1.02,0.96,0.85,0.72,0.73,0.59,0.56,0.57,0.87,0.84,0.51,0.62,0.55,0.55,0.75,0.89,0.55,0.5,0.57,0.73,0.51,0.34,0.49,0.9,0.38,0.46,0.72,0.61,0.59,0.43,0.48,0.14,0.19,0.26,0.25,0.88,0.55,0.53,0.29,0.58,0.53,1.92,1.98,1.65,1.24,1.06,0.97,1.16,1.02,0.81,1.07,0.76,0.72,1.49,1.1,1.07,0.95,1.05,0.82,1.2,1.04,0.92,1.05,0.91,0.86,1.19,1.14,1.08,1.16,0.75,0.95,0.77,1.05,0.57,1.09,1.18,1.22,1.04,1.04,0.89,0.77,0.82,0.71,1.46,1.08,1.33,0.68,0.63,0.71,0.77,0.78,0.6,1.21,1.23,1.37,0.82,1.08,1,1.03,1.01,0.88,1.44,1.37,1.3,0.95,1,1.19,0.72,0.84,0.72,0.67,0.57,0.5,0.51,0.49,0.29,0.77,0.7,0.69,0.87,0.54,0.71,0.65,0.46,0.36,0.83,0.73,0.52,0.65,0.38,0.36,0.75,0.54,0.53,0.91,0.57,0.51,0.44,0.5,0.32
% coarse sand,516,0.32,0.36,0.22,0.33,0.28,0.21,0.2,0.16,0.13,0.46,0.27,0.09,0.17,0.26,0.21,0.25,0.18,0.15,0.29,0.11,0,0.33,0.19,0.18,0.22,0.23,0.22,0.57,0.4,0.23,0.21,0.08,0.1,0.29,0.29,0.17,0.72,0.51,0.33,0.44,0.13,0.28,0.49,0.28,0.16,0.87,0.68,0.58,0.74,0.43,0.45,0.55,0.5,0.57,0.76,0.43,0.4,0.93,0.58,0.41,0.52,0.33,0.27,0.91,0.73,0.52,0.79,0.53,0.46,0.63,0.41,0.49,0.5,0.4,0.25,0.67,0.47,0.2,0.46,0.47,0.18,0.6,0.35,0.45,0.87,0.37,0.21,0.25,0.42,0.12,0.07,0.18,0,0.1,0.97,0.57,0.77,0.89,0.6,0.63,0.12,0.28,0.44,0.87,0.56,0.63,0.72,0.58,0.55,0.76,0.43,0.29,0.46,0.56,0.68,1.46,1.03,0.9,0.66,0.9,0.77,0.31,0.25,0.41,1.01,1.24,1.44,0.78,0.84,0.87,0.79,0.59,0.66,0.39,0.37,0.39,0.74,0.76,0.37,0.48,0.41,0.43,0.51,0.82,0.54,0.32,0.44,0.62,0.34,0.17,0.33,0.77,0.21,0.27,0.53,0.49,0.46,0.33,0.36,0,0,0.09,0.05,0.76,0.48,0.43,0.18,0.55,0.45,1.61,1.8,1.47,1.21,1.01,0.82,1.07,0.84,0.62,0.99,0.62,0.69,1.48,0.92,1.01,0.83,0.97,0.77,1.05,0.91,0.72,1.01,0.8,0.73,1.1,1.04,0.96,1.11,0.56,0.8,0.67,0.91,0.36,0.84,1.06,1.04,0.86,0.89,0.77,0.61,0.81,0.57,1.33,0.9,1.24,0.55,0.48,0.58,0.78,0.72,0.6,1,1.06,1.34,0.7,1,0.89,0.88,0.82,0.7,1.2,1.21,1.2,0.81,0.91,1.12,0.62,0.71,0.61,0.49,0.4,0.37,0.41,0.43,0.26,0.44,0.48,0.55,0.63,0.35,0.47,0.44,0.34,0.15,0.6,0.48,0.29,0.5,0.28,0.27,0.55,0.35,0.39,0.86,0.46,0.5,0.43,0.45,0.28
% coarse sand,586,0.35,0.39,0.17,0.32,0.27,0.2,0.18,0.16,0.11,0.28,0.22,0,0.16,0.19,0.07,0.27,0.19,0.15,0.24,0.12,0,0.3,0.17,0.09,0.2,0.22,0.28,0.51,0.36,0.19,0.17,0.12,0.15,0.24,0.23,0.11,0.54,0.33,0.2,0.32,0,0.13,0.48,0.18,0,0.63,0.58,0.38,0.59,0.32,0.38,0.54,0.41,0.59,0.6,0.23,0.25,0.74,0.41,0.25,0.36,0.2,0.13,0.54,0.53,0.35,0.62,0.32,0.25,0.41,0.23,0.34,0.37,0.28,0.16,0.56,0.36,0.1,0.35,0.41,0.1,0.58,0.05,0.15,0.7,0.26,0.03,0.1,0.31,0,0,0.07,0,0,0.64,0.23,0.49,0.65,0.38,0.43,0,0.09,0.29,0.54,0.29,0.4,0.6,0.38,0.39,0.53,0.17,0.06,0.26,0.37,0.61,1.28,0.9,0.77,0.41,0.7,0.7,0.11,0.09,0.24,0.72,1.03,1.32,0.53,0.64,0.75,0.69,0.44,0.56,0.18,0.18,0.22,0.56,0.62,0.23,0.32,0.25,0.29,0.28,0.71,0.56,0.13,0.31,0.47,0.17,0,0.17,0.58,0.08,0.09,0.34,0.35,0.33,0.22,0.22,0,0,0,0,0.63,0.42,0.32,0.09,0.48,0.34,1.24,1.51,1.24,1.15,0.94,0.64,0.92,0.61,0.41,0.87,0.45,0.65,1.42,0.71,0.95,0.7,0.87,0.69,0.85,0.76,0.51,0.94,0.66,0.56,0.96,0.9,0.79,1.02,0.36,0.6,0.56,0.72,0.14,0.55,0.89,0.8,0.63,0.69,0.61,0.43,0.81,0.39,1.17,0.69,1.1,0.41,0.33,0.43,0.75,0.61,0.58,0.73,0.82,1.25,0.54,0.85,0.73,0.7,0.6,0.51,0.92,1,1.07,0.63,0.78,0.99,0.48,0.54,0.46,0.45,0.33,0.32,0.37,0.42,0.3,0.12,0.31,0.46,0.42,0.23,0.23,0.23,0.25,0,0.44,0.27,0.06,0.37,0.23,0.23,0.44,0.22,0.3,0.79,0.34,0.5,0.41,0.38,0.23
% coarse sand,666,0.4,0.42,0.12,0.35,0.27,0.2,0.17,0.16,0.08,0.18,0.22,0,0.18,0.14,0,0.33,0.23,0.15,0.24,0.16,0,0.32,0.2,0,0.21,0.23,0.35,0.49,0.34,0.16,0.18,0.22,0.24,0.24,0.19,0.08,0.38,0.15,0.07,0.22,0,0,0.45,0.09,0,0.4,0.47,0.18,0.44,0.22,0.3,0.56,0.33,0.59,0.44,0.04,0.1,0.55,0.23,0.08,0.2,0.09,0,0.17,0.34,0.2,0.46,0.11,0.09,0.18,0.05,0.2,0.26,0.18,0.09,0.44,0.25,0,0.22,0.33,0,0.52,0,0,0.52,0.16,0,0,0.2,0,0,0,0,0,0.36,0,0.21,0.43,0.17,0.22,0,0,0.13,0.21,0.02,0.16,0.47,0.17,0.23,0.31,0,0,0.06,0.2,0.51,1.05,0.75,0.61,0.16,0.46,0.59,0,0,0.09,0.42,0.77,1.12,0.28,0.42,0.59,0.55,0.27,0.42,0,0,0.08,0.36,0.44,0.08,0.17,0.1,0.15,0.1,0.57,0.58,0,0.18,0.31,0,0,0,0.36,0,0,0.14,0.22,0.2,0.12,0.09,0,0,0,0,0.47,0.34,0.2,0,0.38,0.22,0.84,1.15,0.96,1.05,0.84,0.43,0.69,0.36,0.19,0.71,0.28,0.59,1.3,0.48,0.87,0.54,0.74,0.58,0.62,0.57,0.3,0.84,0.49,0.39,0.78,0.73,0.58,0.91,0.16,0.39,0.42,0.5,0,0.26,0.67,0.54,0.39,0.45,0.42,0.25,0.78,0.22,0.99,0.48,0.91,0.27,0.18,0.28,0.67,0.46,0.54,0.46,0.54,1.08,0.36,0.63,0.53,0.5,0.37,0.32,0.63,0.75,0.89,0.43,0.6,0.79,0.32,0.35,0.29,0.5,0.31,0.3,0.36,0.42,0.35,0,0.21,0.41,0.25,0.1,0,0.02,0.18,0,0.33,0.07,0,0.25,0.2,0.2,0.39,0.09,0.23,0.68,0.22,0.47,0.37,0.28,0.17
% coarse sand,756,0.46,0.42,0.07,0.39,0.26,0.18,0.14,0.15,0,0.11,0.23,0,0.18,0.09,0,0.38,0.26,0.14,0.27,0.19,0,0.36,0.26,0,0.26,0.22,0.39,0.47,0.31,0.13,0.21,0.33,0.34,0.26,0.15,0.07,0.22,0,0,0.13,0,0,0.38,0,0,0.17,0.35,0,0.3,0.14,0.21,0.58,0.23,0.57,0.3,0,0,0.37,0.06,0,0.08,0,0,0,0.14,0.08,0.29,0,0,0,0,0.09,0.16,0.09,0,0.32,0.15,0,0.1,0.22,0,0.41,0,0,0.34,0.07,0,0,0.1,0,0,0,0,0,0.08,0,0,0.21,0,0.02,0,0,0,0,0,0,0.34,0,0.07,0.08,0,0,0,0.07,0.39,0.8,0.56,0.44,0,0.23,0.45,0,0,0,0.12,0.49,0.85,0.03,0.2,0.42,0.38,0.11,0.26,0,0,0,0.15,0.26,0,0,0,0,0,0.41,0.61,0,0.08,0.14,0,0,0,0.14,0,0,0,0.08,0.09,0,0,0,0,0,0,0.31,0.26,0.1,0,0.26,0.09,0.45,0.75,0.65,0.93,0.72,0.23,0.44,0.12,0,0.53,0.12,0.5,1.09,0.26,0.77,0.38,0.58,0.45,0.38,0.37,0.08,0.7,0.31,0.22,0.56,0.54,0.36,0.77,0,0.17,0.27,0.28,0,0,0.44,0.27,0.15,0.22,0.24,0.06,0.73,0.09,0.79,0.26,0.7,0.13,0.07,0.12,0.53,0.3,0.45,0.18,0.26,0.86,0.19,0.39,0.31,0.3,0.13,0.13,0.33,0.5,0.69,0.23,0.4,0.57,0.17,0.15,0.12,0.59,0.29,0.27,0.35,0.42,0.37,0,0.14,0.37,0.09,0,0,0,0.12,0,0.23,0,0,0.15,0.16,0.18,0.37,0,0.18,0.53,0.1,0.41,0.29,0.17,0.09
% coarse sand,859,0.49,0.38,0,0.4,0.23,0.15,0.1,0.12,0,0.08,0.23,0,0.16,0,0,0.4,0.27,0.12,0.29,0.19,0,0.37,0.3,0,0.33,0.2,0.38,0.42,0.26,0.08,0.21,0.42,0.41,0.27,0.1,0,0.06,0,0,0,0,0,0.28,0,0,0,0.22,0,0.18,0.07,0.12,0.57,0.14,0.51,0.18,0,0,0.22,0,0,0,0,0,0,0,0,0.12,0,0,0,0,0,0.08,0,0,0.2,0.06,0,0,0.11,0,0.28,0,0,0.15,0,0,0,0,0,0,0,0,0,0,0,0,0,0,0,0,0,0,0,0,0,0.2,0,0,0,0,0,0,0,0.26,0.55,0.36,0.26,0,0,0.3,0,0,0,0,0.21,0.56,0,0,0.24,0.22,0,0.1,0,0,0,0,0.07,0,0,0,0,0,0.24,0.62,0,0,0,0,0,0,0,0,0,0,0,0,0,0,0,0,0,0,0.14,0.16,0,0,0.15,0,0.06,0.35,0.34,0.79,0.57,0.08,0.19,0,0,0.34,0,0.39,0.83,0.03,0.63,0.22,0.42,0.3,0.14,0.16,0,0.55,0.14,0.09,0.34,0.35,0.14,0.62,0,0,0.12,0.06,0,0,0.21,0.01,0,0,0.09,0,0.65,0,0.59,0.05,0.47,0,0,0,0.36,0.14,0.34,0,0,0.61,0.06,0.14,0.1,0.1,0,0,0.04,0.25,0.48,0.09,0.22,0.34,0,0,0,0.66,0.26,0.22,0.33,0.38,0.36,0,0.1,0.32,0,0,0,0,0.06,0,0.15,0,0,0.07,0.12,0.14,0.35,0,0.14,0.36,0,0.31,0.2,0.08,0
% coarse sand,976,0.49,0.31,0,0.38,0.18,0.1,0,0.07,0,0,0.2,0,0.11,0,0,0.39,0.26,0.08,0.29,0.16,0,0.34,0.32,0,0.42,0.15,0.33,0.34,0.18,0,0.18,0.49,0.44,0.25,0,0,0,0,0,0,0,0,0.17,0,0,0,0.1,0,0.08,0,0,0.52,0.07,0.41,0.08,0,0,0.09,0,0,0,0,0,0,0,0,0,0,0,0,0,0,0,0,0,0.1,0,0,0,0,0,0.14,0,0,0,0,0,0,0,0,0,0,0,0,0,0,0,0,0,0,0,0,0,0,0,0,0.07,0,0,0,0,0,0,0,0.14,0.29,0.16,0.08,0,0,0.14,0,0,0,0,0,0.27,0,0,0.07,0.09,0,0,0,0,0,0,0,0,0,0,0,0,0.08,0.6,0,0,0,0,0,0,0,0,0,0,0,0,0,0,0,0,0,0,0,0.08,0,0,0.06,0,0,0,0.04,0.64,0.42,0,0,0,0,0.15,0,0.26,0.55,0,0.47,0.06,0.25,0.17,0,0,0,0.38,0,0,0.12,0.15,0,0.46,0,0,0,0,0,0,0,0,0,0,0,0,0.54,0,0.39,0,0.24,0,0,0,0.19,0,0.22,0,0,0.36,0,0,0,0,0,0,0,0.01,0.27,0,0.09,0.11,0,0,0,0.67,0.19,0.15,0.28,0.3,0.31,0,0.06,0.26,0,0,0,0,0,0,0.07,0,0,0,0.07,0.09,0.33,0,0.11,0.21,0,0.2,0.11,0,0
% v. coarse sand,1110,0.45,0.21,0,0.33,0.11,0,0,0,0,0,0.16,0,0,0,0,0.33,0.21,0,0.25,0.11,0,0.26,0.31,0,0.52,0.1,0.26,0.24,0.1,0,0.13,0.51,0.43,0.2,0,0,0,0,0,0,0,0,0.07,0,0,0,0,0,0,0,0,0.44,0,0.29,0,0,0,0,0,0,0,0,0,0,0,0,0,0,0,0,0,0,0,0,0,0,0,0,0,0,0,0,0,0,0,0,0,0,0,0,0,0,0,0,0,0,0,0,0,0,0,0,0,0,0,0,0,0,0,0,0,0,0,0,0,0.04,0,0,0,0,0,0,0,0,0,0,0,0,0,0,0,0,0,0,0,0,0,0,0,0,0,0,0,0,0.54,0,0,0,0,0,0,0,0,0,0,0,0,0,0,0,0,0,0,0,0,0,0,0,0,0,0,0,0.48,0.26,0,0,0,0,0,0,0.14,0.27,0,0.3,0,0.09,0.06,0,0,0,0.22,0,0,0,0,0,0.29,0,0,0,0,0,0,0,0,0,0,0,0,0.4,0,0.23,0,0.01,0,0,0,0.07,0,0.09,0,0,0.11,0,0,0,0,0,0,0,0,0.06,0,0,0,0,0,0,0.62,0.11,0.08,0.21,0.21,0.23,0,0,0.18,0,0,0,0,0,0,0,0,0,0,0,0,0.3,0,0.08,0.09,0,0.09,0,0,0
% v. coarse sand,1260,0.39,0.12,0,0.25,0,0,0,0,0,0,0.11,0,0,0,0,0.25,0.14,0,0.18,0,0,0.17,0.27,0,0.6,0,0.17,0.14,0,0,0.08,0.51,0.39,0.13,0,0,0,0,0,0,0,0,0,0,0,0,0,0,0,0,0,0.33,0,0.18,0,0,0,0,0,0,0,0,0,0,0,0,0,0,0,0,0,0,0,0,0,0,0,0,0,0,0,0,0,0,0,0,0,0,0,0,0,0,0,0,0,0,0,0,0,0,0,0,0,0,0,0,0,0,0,0,0,0,0,0,0,0,0,0,0,0,0,0,0,0,0,0,0,0,0,0,0,0,0,0,0,0,0,0,0,0,0,0,0,0,0.45,0,0,0,0,0,0,0,0,0,0,0,0,0,0,0,0,0,0,0,0,0,0,0,0,0,0,0,0.33,0.1,0,0,0,0,0,0,0,0,0,0.14,0,0,0,0,0,0,0.05,0,0,0,0,0,0.13,0,0,0,0,0,0,0,0,0,0,0,0,0.26,0,0.1,0,0,0,0,0,0,0,0,0,0,0,0,0,0,0,0,0,0,0,0,0,0,0,0,0,0,0.51,0,0,0.13,0.11,0.15,0,0,0.1,0,0,0,0,0,0,0,0,0,0,0,0,0.27,0,0,0,0,0,0,0,0
% v. coarse sand,1430,0.31,0,0,0.16,0,0,0,0,0,0,0.06,0,0,0,0,0.17,0.08,0,0.12,0,0,0.08,0.22,0,0.66,0,0.09,0,0,0,0,0.47,0.33,0.06,0,0,0,0,0,0,0,0,0,0,0,0,0,0,0,0,0,0.22,0,0.08,0,0,0,0,0,0,0,0,0,0,0,0,0,0,0,0,0,0,0,0,0,0,0,0,0,0,0,0,0,0,0,0,0,0,0,0,0,0,0,0,0,0,0,0,0,0,0,0,0,0,0,0,0,0,0,0,0,0,0,0,0,0,0,0,0,0,0,0,0,0,0,0,0,0,0,0,0,0,0,0,0,0,0,0,0,0,0,0,0,0,0.34,0,0,0,0,0,0,0,0,0,0,0,0,0,0,0,0,0,0,0,0,0,0,0,0,0,0,0,0.17,0,0,0,0,0,0,0,0,0,0,0,0,0,0,0,0,0,0,0,0,0,0,0,0,0,0,0,0,0,0,0,0,0,0,0,0,0.12,0,0,0,0,0,0,0,0,0,0,0,0,0,0,0,0,0,0,0,0,0,0,0,0,0,0,0,0,0.39,0,0,0.06,0,0.07,0,0,0,0,0,0,0,0,0,0,0,0,0,0,0,0.23,0,0,0,0,0,0,0,0
% v. coarse sand,1630,0.25,0,0,0.09,0,0,0,0,0,0,0,0,0,0,0,0.1,0,0,0.07,0,0,0,0.17,0,0.68,0,0,0,0,0,0,0.42,0.26,0,0,0,0,0,0,0,0,0,0,0,0,0,0,0,0,0,0,0.13,0,0,0,0,0,0,0,0,0,0,0,0,0,0,0,0,0,0,0,0,0,0,0,0,0,0,0,0,0,0,0,0,0,0,0,0,0,0,0,0,0,0,0,0,0,0,0,0,0,0,0,0,0,0,0,0,0,0,0,0,0,0,0,0,0,0,0,0,0,0,0,0,0,0,0,0,0,0,0,0,0,0,0,0,0,0,0,0,0,0,0,0,0.24,0,0,0,0,0,0,0,0,0,0,0,0,0,0,0,0,0,0,0,0,0,0,0,0,0,0,0,0.02,0,0,0,0,0,0,0,0,0,0,0,0,0,0,0,0,0,0,0,0,0,0,0,0,0,0,0,0,0,0,0,0,0,0,0,0,0,0,0,0,0,0,0,0,0,0,0,0,0,0,0,0,0,0,0,0,0,0,0,0,0,0,0,0,0,0.26,0,0,0,0,0,0,0,0,0,0,0,0,0,0,0,0,0,0,0,0,0.19,0,0,0,0,0,0,0,0
% v. coarse sand,1850,0.19,0,0,0,0,0,0,0,0,0,0,0,0,0,0,0,0,0,0,0,0,0,0.13,0,0.66,0,0,0,0,0,0,0.35,0.19,0,0,0,0,0,0,0,0,0,0,0,0,0,0,0,0,0,0,0.06,0,0,0,0,0,0,0,0,0,0,0,0,0,0,0,0,0,0,0,0,0,0,0,0,0,0,0,0,0,0,0,0,0,0,0,0,0,0,0,0,0,0,0,0,0,0,0,0,0,0,0,0,0,0,0,0,0,0,0,0,0,0,0,0,0,0,0,0,0,0,0,0,0,0,0,0,0,0,0,0,0,0,0,0,0,0,0,0,0,0,0,0,0.15,0,0,0,0,0,0,0,0,0,0,0,0,0,0,0,0,0,0,0,0,0,0,0,0,0,0,0,0,0,0,0,0,0,0,0,0,0,0,0,0,0,0,0,0,0,0,0,0,0,0,0,0,0,0,0,0,0,0,0,0,0,0,0,0,0,0,0,0,0,0,0,0,0,0,0,0,0,0,0,0,0,0,0,0,0,0,0,0,0,0,0,0,0,0.13,0,0,0,0,0,0,0,0,0,0,0,0,0,0,0,0,0,0,0,0,0.15,0,0,0,0,0,0,0,0
% v. fine gravel,2100,0.14,0,0,0,0,0,0,0,0,0,0,0,0,0,0,0,0,0,0,0,0,0,0.1,0,0.58,0,0,0,0,0,0,0.28,0.14,0,0,0,0,0,0,0,0,0,0,0,0,0,0,0,0,0,0,0,0,0,0,0,0,0,0,0,0,0,0,0,0,0,0,0,0,0,0,0,0,0,0,0,0,0,0,0,0,0,0,0,0,0,0,0,0,0,0,0,0,0,0,0,0,0,0,0,0,0,0,0,0,0,0,0,0,0,0,0,0,0,0,0,0,0,0,0,0,0,0,0,0,0,0,0,0,0,0,0,0,0,0,0,0,0,0,0,0,0,0,0,0.08,0,0,0,0,0,0,0,0,0,0,0,0,0,0,0,0,0,0,0,0,0,0,0,0,0,0,0,0,0,0,0,0,0,0,0,0,0,0,0,0,0,0,0,0,0,0,0,0,0,0,0,0,0,0,0,0,0,0,0,0,0,0,0,0,0,0,0,0,0,0,0,0,0,0,0,0,0,0,0,0,0,0,0,0,0,0,0,0,0,0,0,0,0,0.01,0,0,0,0,0,0,0,0,0,0,0,0,0,0,0,0,0,0,0,0,0.12,0,0,0,0,0,0,0,0
% v. fine gravel,2390,0.09,0,0,0,0,0,0,0,0,0,0,0,0,0,0,0,0,0,0,0,0,0,0.07,0,0.47,0,0,0,0,0,0,0.22,0.1,0,0,0,0,0,0,0,0,0,0,0,0,0,0,0,0,0,0,0,0,0,0,0,0,0,0,0,0,0,0,0,0,0,0,0,0,0,0,0,0,0,0,0,0,0,0,0,0,0,0,0,0,0,0,0,0,0,0,0,0,0,0,0,0,0,0,0,0,0,0,0,0,0,0,0,0,0,0,0,0,0,0,0,0,0,0,0,0,0,0,0,0,0,0,0,0,0,0,0,0,0,0,0,0,0,0,0,0,0,0,0,0,0,0,0,0,0,0,0,0,0,0,0,0,0,0,0,0,0,0,0,0,0,0,0,0,0,0,0,0,0,0,0,0,0,0,0,0,0,0,0,0,0,0,0,0,0,0,0,0,0,0,0,0,0,0,0,0,0,0,0,0,0,0,0,0,0,0,0,0,0,0,0,0,0,0,0,0,0,0,0,0,0,0,0,0,0,0,0,0,0,0,0,0,0,0,0,0,0,0,0,0,0,0,0,0,0,0,0,0,0,0,0,0,0,0,0.08,0,0,0,0,0,0,0,0
% v. fine gravel,2710,0.06,0,0,0,0,0,0,0,0,0,0,0,0,0,0,0,0,0,0,0,0,0,0,0,0.33,0,0,0,0,0,0,0.15,0.06,0,0,0,0,0,0,0,0,0,0,0,0,0,0,0,0,0,0,0,0,0,0,0,0,0,0,0,0,0,0,0,0,0,0,0,0,0,0,0,0,0,0,0,0,0,0,0,0,0,0,0,0,0,0,0,0,0,0,0,0,0,0,0,0,0,0,0,0,0,0,0,0,0,0,0,0,0,0,0,0,0,0,0,0,0,0,0,0,0,0,0,0,0,0,0,0,0,0,0,0,0,0,0,0,0,0,0,0,0,0,0,0,0,0,0,0,0,0,0,0,0,0,0,0,0,0,0,0,0,0,0,0,0,0,0,0,0,0,0,0,0,0,0,0,0,0,0,0,0,0,0,0,0,0,0,0,0,0,0,0,0,0,0,0,0,0,0,0,0,0,0,0,0,0,0,0,0,0,0,0,0,0,0,0,0,0,0,0,0,0,0,0,0,0,0,0,0,0,0,0,0,0,0,0,0,0,0,0,0,0,0,0,0,0,0,0,0,0,0,0,0,0,0,0,0,0,0,0,0,0,0,0,0,0,0
% v. fine gravel,3080,0,0,0,0,0,0,0,0,0,0,0,0,0,0,0,0,0,0,0,0,0,0,0,0,0.17,0,0,0,0,0,0,0.08,0,0,0,0,0,0,0,0,0,0,0,0,0,0,0,0,0,0,0,0,0,0,0,0,0,0,0,0,0,0,0,0,0,0,0,0,0,0,0,0,0,0,0,0,0,0,0,0,0,0,0,0,0,0,0,0,0,0,0,0,0,0,0,0,0,0,0,0,0,0,0,0,0,0,0,0,0,0,0,0,0,0,0,0,0,0,0,0,0,0,0,0,0,0,0,0,0,0,0,0,0,0,0,0,0,0,0,0,0,0,0,0,0,0,0,0,0,0,0,0,0,0,0,0,0,0,0,0,0,0,0,0,0,0,0,0,0,0,0,0,0,0,0,0,0,0,0,0,0,0,0,0,0,0,0,0,0,0,0,0,0,0,0,0,0,0,0,0,0,0,0,0,0,0,0,0,0,0,0,0,0,0,0,0,0,0,0,0,0,0,0,0,0,0,0,0,0,0,0,0,0,0,0,0,0,0,0,0,0,0,0,0,0,0,0,0,0,0,0,0,0,0,0,0,0,0,0,0,0,0,0,0,0,0,0,0
% v. fine gravel,3500,0,0,0,0,0,0,0,0,0,0,0,0,0,0,0,0,0,0,0,0,0,0,0,0,0,0,0,0,0,0,0,0,0,0,0,0,0,0,0,0,0,0,0,0,0,0,0,0,0,0,0,0,0,0,0,0,0,0,0,0,0,0,0,0,0,0,0,0,0,0,0,0,0,0,0,0,0,0,0,0,0,0,0,0,0,0,0,0,0,0,0,0,0,0,0,0,0,0,0,0,0,0,0,0,0,0,0,0,0,0,0,0,0,0,0,0,0,0,0,0,0,0,0,0,0,0,0,0,0,0,0,0,0,0,0,0,0,0,0,0,0,0,0,0,0,0,0,0,0,0,0,0,0,0,0,0,0,0,0,0,0,0,0,0,0,0,0,0,0,0,0,0,0,0,0,0,0,0,0,0,0,0,0,0,0,0,0,0,0,0,0,0,0,0,0,0,0,0,0,0,0,0,0,0,0,0,0,0,0,0,0,0,0,0,0,0,0,0,0,0,0,0,0,0,0,0,0,0,0,0,0,0,0,0,0,0,0,0,0,0,0,0,0,0,0,0,0,0,0,0,0,0,0,0,0,0,0,0,0,0,0,0,0,0,0,0,0,0
