Sample Name,S3_0_R1,S3_0_R1,S3_0_R1,S3_0_R2,S3_0_R2,S3_0_R2,S3_0_R3,S3_0_R3,S3_0_R3,S3_1_R1,S3_1_R1,S3_1_R1,S3_1_R2,S3_1_R2,S3_1_R2,S3_1_R3,S3_1_R3,S3_1_R3,S3_2_R1,S3_2_R1,S3_2_R1,S3_2_R2,S3_2_R2,S3_2_R2,S3_2_R3,S3_2_R3,S3_2_R3,S3_3_R1,S3_3_R1,S3_3_R1,S3_3_R2,S3_3_R2,S3_3_R2,S3_3_R3,S3_3_R3,S3_3_R3,S3_4_R1,S3_4_R1,S3_4_R1,S3_4_R2,S3_4_R2,S3_4_R2,S3_4_R3,S3_4_R3,S3_4_R3,S3_6_R1,S3_6_R1,S3_6_R1,S3_6_R2,S3_6_R2,S3_6_R2,S3_6_R3,S3_6_R3,S3_6_R3,S3_8_R1,S3_8_R1,S3_8_R1,S3_8_R2,S3_8_R2,S3_8_R2,S3_8_R3,S3_8_R3,S3_8_R3,S3_10_R1,S3_10_R1,S3_10_R1,S3_10_R2,S3_10_R2,S3_10_R2,S3_10_R3,S3_10_R3,S3_10_R3,S3_12_R1,S3_12_R1,S3_12_R1,S3_12_R2,S3_12_R2,S3_12_R2,S3_12_R3,S3_12_R3,S3_12_R3,S3_14_R1,S3_14_R1,S3_14_R1,S3_14_R2,S3_14_R2,S3_14_R2,S3_14_R3,S3_14_R3,S3_14_R3,S3_16_R1,S3_16_R1,S3_16_R1,S3_16_R2,S3_16_R2,S3_16_R2,S3_16_R3,S3_16_R3,S3_16_R3,S3_18_R1,S3_18_R1,S3_18_R1,S3_18_R2,S3_18_R2,S3_18_R2,S3_18_R3,S3_18_R3,S3_18_R3,S3_20_R1,S3_20_R1,S3_20_R1,S3_20_R2,S3_20_R2,S3_20_R2,S3_20_R3,S3_20_R3,S3_20_R3,S3_22_R1,S3_22_R1,S3_22_R1,S3_22_R2,S3_22_R2,S3_22_R2,S3_22_R3,S3_22_R3,S3_22_R3,S3_24_R1,S3_24_R1,S3_24_R1,S3_24_R2,S3_24_R2,S3_24_R2,S3_24_R3,S3_24_R3,S3_24_R3,S3_26_R1,S3_26_R1,S3_26_R1,S3_26_R2,S3_26_R2,S3_26_R2,S3_26_R3,S3_26_R3,S3_26_R3,S3_28_R1,S3_28_R1,S3_28_R1,S3_28_R2,S3_28_R2,S3_28_R2,S3_28_R3,S3_28_R3,S3_28_R3,S3_30_R1,S3_30_R1,S3_30_R1,S3_30_R2,S3_30_R2,S3_30_R2,S3_30_R3,S3_30_R3,S3_30_R3,S3_32_R1,S3_32_R1,S3_32_R1,S3_32_R2,S3_32_R2,S3_32_R2,S3_32_R3,S3_32_R3,S3_32_R3,S3_34_R1,S3_34_R1,S3_34_R1,S3_34_R2,S3_34_R2,S3_34_R2,S3_34_R3,S3_34_R3,S3_34_R3,S3_36_R1,S3_36_R1,S3_36_R1,S3_36_R2,S3_36_R2,S3_36_R2,S3_36_R3,S3_36_R3,S3_36_R3,S3_38_R1,S3_38_R1,S3_38_R1,S3_38_R2,S3_38_R2,S3_38_R2,S3_38_R3,S3_38_R3,S3_38_R3,S3_40_R1,S3_40_R1,S3_40_R1,S3_40_R2,S3_40_R2,S3_40_R2,S3_40_R3,S3_40_R3,S3_40_R3,S3_42_R1,S3_42_R1,S3_42_R1,S3_42_R2,S3_42_R2,S3_42_R2,S3_42_R3,S3_42_R3,S3_42_R3,S3_44_R1,S3_44_R1,S3_44_R1,S3_44_R2,S3_44_R2,S3_44_R2,S3_44_R3,S3_44_R3,S3_44_R3,S3_46_R1,S3_46_R1,S3_46_R1,S3_46_R2,S3_46_R2,S3_46_R2,S3_46_R3,S3_46_R3,S3_46_R3
0.01,0,0,0,0,0,0,0,0,0,0,0,0,0,0,0,0,0,0,0,0,0,0,0,0,0,0,0,0,0,0,0,0,0,0,0,0,0,0,0,0,0,0,0,0,0,0,0,0,0,0,0,0,0,0,0,0,0,0,0,0,0,0,0,0,0,0,0,0,0,0,0,0,0,0,0,0,0,0,0,0,0,0,0,0,0,0,0,0,0,0,0,0,0,0,0,0,0,0,0,0,0,0,0,0,0,0,0,0,0,0,0,0,0,0,0,0,0,0,0,0,0,0,0,0,0,0,0,0,0,0,0,0,0,0,0,0,0,0,0,0,0,0,0,0,0,0,0,0,0,0,0,0,0,0,0,0,0,0,0,0,0,0,0,0,0,0,0,0,0,0,0,0,0,0,0,0,0,0,0,0,0,0,0,0,0,0,0,0,0,0,0,0,0,0,0,0,0,0,0,0,0,0,0,0,0,0,0,0,0,0,0,0,0,0,0,0,0,0,0,0,0,0,0,0,0,0,0,0,0,0,0,0,0,0
0.0114,0,0,0,0,0,0,0,0,0,0,0,0,0,0,0,0,0,0,0,0,0,0,0,0,0,0,0,0,0,0,0,0,0,0,0,0,0,0,0,0,0,0,0,0,0,0,0,0,0,0,0,0,0,0,0,0,0,0,0,0,0,0,0,0,0,0,0,0,0,0,0,0,0,0,0,0,0,0,0,0,0,0,0,0,0,0,0,0,0,0,0,0,0,0,0,0,0,0,0,0,0,0,0,0,0,0,0,0,0,0,0,0,0,0,0,0,0,0,0,0,0,0,0,0,0,0,0,0,0,0,0,0,0,0,0,0,0,0,0,0,0,0,0,0,0,0,0,0,0,0,0,0,0,0,0,0,0,0,0,0,0,0,0,0,0,0,0,0,0,0,0,0,0,0,0,0,0,0,0,0,0,0,0,0,0,0,0,0,0,0,0,0,0,0,0,0,0,0,0,0,0,0,0,0,0,0,0,0,0,0,0,0,0,0,0,0,0,0,0,0,0,0,0,0,0,0,0,0,0,0,0,0,0,0
0.0129,0,0,0,0,0,0,0,0,0,0,0,0,0,0,0,0,0,0,0,0,0,0,0,0,0,0,0,0,0,0,0,0,0,0,0,0,0,0,0,0,0,0,0,0,0,0,0,0,0,0,0,0,0,0,0,0,0,0,0,0,0,0,0,0,0,0,0,0,0,0,0,0,0,0,0,0,0,0,0,0,0,0,0,0,0,0,0,0,0,0,0,0,0,0,0,0,0,0,0,0,0,0,0,0,0,0,0,0,0,0,0,0,0,0,0,0,0,0,0,0,0,0,0,0,0,0,0,0,0,0,0,0,0,0,0,0,0,0,0,0,0,0,0,0,0,0,0,0,0,0,0,0,0,0,0,0,0,0,0,0,0,0,0,0,0,0,0,0,0,0,0,0,0,0,0,0,0,0,0,0,0,0,0,0,0,0,0,0,0,0,0,0,0,0,0,0,0,0,0,0,0,0,0,0,0,0,0,0,0,0,0,0,0,0,0,0,0,0,0,0,0,0,0,0,0,0,0,0,0,0,0,0,0,0
0.0147,0,0,0,0,0,0,0,0,0,0,0,0,0,0,0,0,0,0,0,0,0,0,0,0,0,0,0,0,0,0,0,0,0,0,0,0,0,0,0,0,0,0,0,0,0,0,0,0,0,0,0,0,0,0,0,0,0,0,0,0,0,0,0,0,0,0,0,0,0,0,0,0,0,0,0,0,0,0,0,0,0,0,0,0,0,0,0,0,0,0,0,0,0,0,0,0,0,0,0,0,0,0,0,0,0,0,0,0,0,0,0,0,0,0,0,0,0,0,0,0,0,0,0,0,0,0,0,0,0,0,0,0,0,0,0,0,0,0,0,0,0,0,0,0,0,0,0,0,0,0,0,0,0,0,0,0,0,0,0,0,0,0,0,0,0,0,0,0,0,0,0,0,0,0,0,0,0,0,0,0,0,0,0,0,0,0,0,0,0,0,0,0,0,0,0,0,0,0,0,0,0,0,0,0,0,0,0,0,0,0,0,0,0,0,0,0,0,0,0,0,0,0,0,0,0,0,0,0,0,0,0,0,0,0
0.0167,0,0,0,0,0,0,0,0,0,0,0,0,0,0,0,0,0,0,0,0,0,0,0,0,0,0,0,0,0,0,0,0,0,0,0,0,0,0,0,0,0,0,0,0,0,0,0,0,0,0,0,0,0,0,0,0,0,0,0,0,0,0,0,0,0,0,0,0,0,0,0,0,0,0,0,0,0,0,0,0,0,0,0,0,0,0,0,0,0,0,0,0,0,0,0,0,0,0,0,0,0,0,0,0,0,0,0,0,0,0,0,0,0,0,0,0,0,0,0,0,0,0,0,0,0,0,0,0,0,0,0,0,0,0,0,0,0,0,0,0,0,0,0,0,0,0,0,0,0,0,0,0,0,0,0,0,0,0,0,0,0,0,0,0,0,0,0,0,0,0,0,0,0,0,0,0,0,0,0,0,0,0,0,0,0,0,0,0,0,0,0,0,0,0,0,0,0,0,0,0,0,0,0,0,0,0,0,0,0,0,0,0,0,0,0,0,0,0,0,0,0,0,0,0,0,0,0,0,0,0,0,0,0,0
0.0189,0,0,0,0,0,0,0,0,0,0,0,0,0,0,0,0,0,0,0,0,0,0,0,0,0,0,0,0,0,0,0,0,0,0,0,0,0,0,0,0,0,0,0,0,0,0,0,0,0,0,0,0,0,0,0,0,0,0,0,0,0,0,0,0,0,0,0,0,0,0,0,0,0,0,0,0,0,0,0,0,0,0,0,0,0,0,0,0,0,0,0,0,0,0,0,0,0,0,0,0,0,0,0,0,0,0,0,0,0,0,0,0,0,0,0,0,0,0,0,0,0,0,0,0,0,0,0,0,0,0,0,0,0,0,0,0,0,0,0,0,0,0,0,0,0,0,0,0,0,0,0,0,0,0,0,0,0,0,0,0,0,0,0,0,0,0,0,0,0,0,0,0,0,0,0,0,0,0,0,0,0,0,0,0,0,0,0,0,0,0,0,0,0,0,0,0,0,0,0,0,0,0,0,0,0,0,0,0,0,0,0,0,0,0,0,0,0,0,0,0,0,0,0,0,0,0,0,0,0,0,0,0,0,0
0.0215,0,0,0,0,0,0,0,0,0,0,0,0,0,0,0,0,0,0,0,0,0,0,0,0,0,0,0,0,0,0,0,0,0,0,0,0,0,0,0,0,0,0,0,0,0,0,0,0,0,0,0,0,0,0,0,0,0,0,0,0,0,0,0,0,0,0,0,0,0,0,0,0,0,0,0,0,0,0,0,0,0,0,0,0,0,0,0,0,0,0,0,0,0,0,0,0,0,0,0,0,0,0,0,0,0,0,0,0,0,0,0,0,0,0,0,0,0,0,0,0,0,0,0,0,0,0,0,0,0,0,0,0,0,0,0,0,0,0,0,0,0,0,0,0,0,0,0,0,0,0,0,0,0,0,0,0,0,0,0,0,0,0,0,0,0,0,0,0,0,0,0,0,0,0,0,0,0,0,0,0,0,0,0,0,0,0,0,0,0,0,0,0,0,0,0,0,0,0,0,0,0,0,0,0,0,0,0,0,0,0,0,0,0,0,0,0,0,0,0,0,0,0,0,0,0,0,0,0,0,0,0,0,0,0
0.0244,0,0,0,0,0,0,0,0,0,0,0,0,0,0,0,0,0,0,0,0,0,0,0,0,0,0,0,0,0,0,0,0,0,0,0,0,0,0,0,0,0,0,0,0,0,0,0,0,0,0,0,0,0,0,0,0,0,0,0,0,0,0,0,0,0,0,0,0,0,0,0,0,0,0,0,0,0,0,0,0,0,0,0,0,0,0,0,0,0,0,0,0,0,0,0,0,0,0,0,0,0,0,0,0,0,0,0,0,0,0,0,0,0,0,0,0,0,0,0,0,0,0,0,0,0,0,0,0,0,0,0,0,0,0,0,0,0,0,0,0,0,0,0,0,0,0,0,0,0,0,0,0,0,0,0,0,0,0,0,0,0,0,0,0,0,0,0,0,0,0,0,0,0,0,0,0,0,0,0,0,0,0,0,0,0,0,0,0,0,0,0,0,0,0,0,0,0,0,0,0,0,0,0,0,0,0,0,0,0,0,0,0,0,0,0,0,0,0,0,0,0,0,0,0,0,0,0,0,0,0,0,0,0,0
0.0278,0,0,0,0,0,0,0,0,0,0,0,0,0,0,0,0,0,0,0,0,0,0,0,0,0,0,0,0,0,0,0,0,0,0,0,0,0,0,0,0,0,0,0,0,0,0,0,0,0,0,0,0,0,0,0,0,0,0,0,0,0,0,0,0,0,0,0,0,0,0,0,0,0,0,0,0,0,0,0,0,0,0,0,0,0,0,0,0,0,0,0,0,0,0,0,0,0,0,0,0,0,0,0,0,0,0,0,0,0,0,0,0,0,0,0,0,0,0,0,0,0,0,0,0,0,0,0,0,0,0,0,0,0,0,0,0,0,0,0,0,0,0,0,0,0,0,0,0,0,0,0,0,0,0,0,0,0,0,0,0,0,0,0,0,0,0,0,0,0,0,0,0,0,0,0,0,0,0,0,0,0,0,0,0,0,0,0,0,0,0,0,0,0,0,0,0,0,0,0,0,0,0,0,0,0,0,0,0,0,0,0,0,0,0,0,0,0,0,0,0,0,0,0,0,0,0,0,0,0,0,0,0,0,0
0.0315,0,0,0,0,0,0,0,0,0,0,0,0,0,0,0,0,0,0,0,0,0,0,0,0,0,0,0,0,0,0,0,0,0,0,0,0,0,0,0,0,0,0,0,0,0,0,0,0,0,0,0,0,0,0,0,0,0,0,0,0,0,0,0,0,0,0,0,0,0,0,0,0,0,0,0,0,0,0,0,0,0,0,0,0,0,0,0,0,0,0,0,0,0,0,0,0,0,0,0,0,0,0,0,0,0,0,0,0,0,0,0,0,0,0,0,0,0,0,0,0,0,0,0,0,0,0,0,0,0,0,0,0,0,0,0,0,0,0,0,0,0,0,0,0,0,0,0,0,0,0,0,0,0,0,0,0,0,0,0,0,0,0,0,0,0,0,0,0,0,0,0,0,0,0,0,0,0,0,0,0,0,0,0,0,0,0,0,0,0,0,0,0,0,0,0,0,0,0,0,0,0,0,0,0,0,0,0,0,0,0,0,0,0,0,0,0,0,0,0,0,0,0,0,0,0,0,0,0,0,0,0,0,0,0
0.0358,0,0,0,0,0,0,0,0,0,0,0,0,0,0,0,0,0,0,0,0,0,0,0,0,0,0,0,0,0,0,0,0,0,0,0,0,0,0,0,0,0,0,0,0,0,0,0,0,0,0,0,0,0,0,0,0,0,0,0,0,0,0,0,0,0,0,0,0,0,0,0,0,0,0,0,0,0,0,0,0,0,0,0,0,0,0,0,0,0,0,0,0,0,0,0,0,0,0,0,0,0,0,0,0,0,0,0,0,0,0,0,0,0,0,0,0,0,0,0,0,0,0,0,0,0,0,0,0,0,0,0,0,0,0,0,0,0,0,0,0,0,0,0,0,0,0,0,0,0,0,0,0,0,0,0,0,0,0,0,0,0,0,0,0,0,0,0,0,0,0,0,0,0,0,0,0,0,0,0,0,0,0,0,0,0,0,0,0,0,0,0,0,0,0,0,0,0,0,0,0,0,0,0,0,0,0,0,0,0,0,0,0,0,0,0,0,0,0,0,0,0,0,0,0,0,0,0,0,0,0,0,0,0,0
0.0407,0,0,0,0,0,0,0,0,0,0,0,0,0,0,0,0,0,0,0,0,0,0,0,0,0,0,0,0,0,0,0,0,0,0,0,0,0,0,0,0,0,0,0,0,0,0,0,0,0,0,0,0,0,0,0,0,0,0,0,0,0,0,0,0,0,0,0,0,0,0,0,0,0,0,0,0,0,0,0,0,0,0,0,0,0,0,0,0,0,0,0,0,0,0,0,0,0,0,0,0,0,0,0,0,0,0,0,0,0,0,0,0,0,0,0,0,0,0,0,0,0,0,0,0,0,0,0,0,0,0,0,0,0,0,0,0,0,0,0,0,0,0,0,0,0,0,0,0,0,0,0,0,0,0,0,0,0,0,0,0,0,0,0,0,0,0,0,0,0,0,0,0,0,0,0,0,0,0,0,0,0,0,0,0,0,0,0,0,0,0,0,0,0,0,0,0,0,0,0,0,0,0,0,0,0,0,0,0,0,0,0,0,0,0,0,0,0,0,0,0,0,0,0,0,0,0,0,0,0,0,0,0,0,0
0.0463,0,0,0,0,0,0,0,0,0,0,0,0,0,0,0,0,0,0,0,0,0,0,0,0,0,0,0,0,0,0,0,0,0,0,0,0,0,0,0,0,0,0,0,0,0,0,0,0,0,0,0,0,0,0,0,0,0,0,0,0,0,0,0,0,0,0,0,0,0,0,0,0,0,0,0,0,0,0,0,0,0,0,0,0,0,0,0,0,0,0,0,0,0,0,0,0,0,0,0,0,0,0,0,0,0,0,0,0,0,0,0,0,0,0,0,0,0,0,0,0,0,0,0,0,0,0,0,0,0,0,0,0,0,0,0,0,0,0,0,0,0,0,0,0,0,0,0,0,0,0,0,0,0,0,0,0,0,0,0,0,0,0,0,0,0,0,0,0,0,0,0,0,0,0,0,0,0,0,0,0,0,0,0,0,0,0,0,0,0,0,0,0,0,0,0,0,0,0,0,0,0,0,0,0,0,0,0,0,0,0,0,0,0,0,0,0,0,0,0,0,0,0,0,0,0,0,0,0,0,0,0,0,0,0
0.0526,0,0,0,0,0,0,0,0,0,0,0,0,0,0,0,0,0,0,0,0,0,0,0,0,0,0,0,0,0,0,0,0,0,0,0,0,0,0,0,0,0,0,0,0,0,0,0,0,0,0,0,0,0,0,0,0,0,0,0,0,0,0,0,0,0,0,0,0,0,0,0,0,0,0,0,0,0,0,0,0,0,0,0,0,0,0,0,0,0,0,0,0,0,0,0,0,0,0,0,0,0,0,0,0,0,0,0,0,0,0,0,0,0,0,0,0,0,0,0,0,0,0,0,0,0,0,0,0,0,0,0,0,0,0,0,0,0,0,0,0,0,0,0,0,0,0,0,0,0,0,0,0,0,0,0,0,0,0,0,0,0,0,0,0,0,0,0,0,0,0,0,0,0,0,0,0,0,0,0,0,0,0,0,0,0,0,0,0,0,0,0,0,0,0,0,0,0,0,0,0,0,0,0,0,0,0,0,0,0,0,0,0,0,0,0,0,0,0,0,0,0,0,0,0,0,0,0,0,0,0,0,0,0,0
0.0597,0,0,0,0,0,0,0,0,0,0,0,0,0,0,0,0,0,0,0,0,0,0,0,0,0,0,0,0,0,0,0,0,0,0,0,0,0,0,0,0,0,0,0,0,0,0,0,0,0,0,0,0,0,0,0,0,0,0,0,0,0,0,0,0,0,0,0,0,0,0,0,0,0,0,0,0,0,0,0,0,0,0,0,0,0,0,0,0,0,0,0,0,0,0,0,0,0,0,0,0,0,0,0,0,0,0,0,0,0,0,0,0,0,0,0,0,0,0,0,0,0,0,0,0,0,0,0,0,0,0,0,0,0,0,0,0,0,0,0,0,0,0,0,0,0,0,0,0,0,0,0,0,0,0,0,0,0,0,0,0,0,0,0,0,0,0,0,0,0,0,0,0,0,0,0,0,0,0,0,0,0,0,0,0,0,0,0,0,0,0,0,0,0,0,0,0,0,0,0,0,0,0,0,0,0,0,0,0,0,0,0,0,0,0,0,0,0,0,0,0,0,0,0,0,0,0,0,0,0,0,0,0,0,0
0.0679,0,0,0,0,0,0,0,0,0,0,0,0,0,0,0,0,0,0,0,0,0,0,0,0,0,0,0,0,0,0,0,0,0,0,0,0,0,0,0,0,0,0,0,0,0,0,0,0,0,0,0,0,0,0,0,0,0,0,0,0,0,0,0,0,0,0,0,0,0,0,0,0,0,0,0,0,0,0,0,0,0,0,0,0,0,0,0,0,0,0,0,0,0,0,0,0,0,0,0,0,0,0,0,0,0,0,0,0,0,0,0,0,0,0,0,0,0,0,0,0,0,0,0,0,0,0,0,0,0,0,0,0,0,0,0,0,0,0,0,0,0,0,0,0,0,0,0,0,0,0,0,0,0,0,0,0,0,0,0,0,0,0,0,0,0,0,0,0,0,0,0,0,0,0,0,0,0,0,0,0,0,0,0,0,0,0,0,0,0,0,0,0,0,0,0,0,0,0,0,0,0,0,0,0,0,0,0,0,0,0,0,0,0,0,0,0,0,0,0,0,0,0,0,0,0,0,0,0,0,0,0,0,0,0
0.0771,0,0,0,0,0,0,0,0,0,0,0,0,0,0,0,0,0,0,0,0,0,0,0,0,0,0,0,0,0,0,0,0,0,0,0,0,0,0,0,0,0,0,0,0,0,0,0,0,0,0,0,0,0,0,0,0,0,0,0,0,0,0,0,0,0,0,0,0,0,0,0,0,0,0,0,0,0,0,0,0,0,0,0,0,0,0,0,0,0,0,0,0,0,0,0,0,0,0,0,0,0,0,0,0,0,0,0,0,0,0,0,0,0,0,0,0,0,0,0,0,0,0,0,0,0,0,0,0,0,0,0,0,0,0,0,0,0,0,0,0,0,0,0,0,0,0,0,0,0,0,0,0,0,0,0,0,0,0,0,0,0,0,0,0,0,0,0,0,0,0,0,0,0,0,0,0,0,0,0,0,0,0,0,0,0,0,0,0,0,0,0,0,0,0,0,0,0,0,0,0,0,0,0,0,0,0,0,0,0,0,0,0,0,0,0,0,0,0,0,0,0,0,0,0,0,0,0,0,0,0,0,0,0,0
0.0876,0,0,0,0,0,0,0,0,0,0,0,0,0,0,0,0,0,0,0,0,0,0,0,0,0,0,0,0,0,0,0,0,0,0,0,0,0,0,0,0,0,0,0,0,0,0,0,0,0,0,0,0,0,0,0,0,0,0,0,0,0,0,0,0,0,0,0,0,0,0,0,0,0,0,0,0,0,0,0,0,0,0,0,0,0,0,0,0,0,0,0,0,0,0,0,0,0,0,0,0,0,0,0,0,0,0,0,0,0,0,0,0,0,0,0,0,0,0,0,0,0,0,0,0,0,0,0,0,0,0,0,0,0,0,0,0,0,0,0,0,0,0,0,0,0,0,0,0,0,0,0,0,0,0,0,0,0,0,0,0,0,0,0,0,0,0,0,0,0,0,0,0,0,0,0,0,0,0,0,0,0,0,0,0,0,0,0,0,0,0,0,0,0,0,0,0,0,0,0,0,0,0,0,0,0,0,0,0,0,0,0,0,0,0,0,0,0,0,0,0,0,0,0,0,0,0,0,0,0,0,0,0,0,0
0.0995,0,0,0,0,0,0,0,0,0,0,0,0,0,0,0,0,0,0,0,0,0,0,0,0,0,0,0,0,0,0,0,0,0,0,0,0,0,0,0,0,0,0,0,0,0,0,0,0,0,0,0,0,0,0,0,0,0,0,0,0,0,0,0,0,0,0,0,0,0,0,0,0,0,0,0,0,0,0,0,0,0,0,0,0,0,0,0,0,0,0,0,0,0,0,0,0,0,0,0,0,0,0,0,0,0,0,0,0,0,0,0,0,0,0,0,0,0,0,0,0,0,0,0,0,0,0,0,0,0,0,0,0,0,0,0,0,0,0,0,0,0,0,0,0,0,0,0,0,0,0,0,0,0,0,0,0,0,0,0,0,0,0,0,0,0,0,0,0,0,0,0,0,0,0,0,0,0,0,0,0,0,0,0,0,0,0,0,0,0,0,0,0,0,0,0,0,0,0,0,0,0,0,0,0,0,0,0,0,0,0,0,0,0,0,0,0,0,0,0,0,0,0,0,0,0,0,0,0,0,0,0,0,0,0
0.113,0,0,0,0,0,0,0,0,0,0,0,0,0,0,0,0,0,0,0,0,0,0,0,0,0,0,0,0,0,0,0,0,0,0,0,0,0,0,0,0,0,0,0,0,0,0,0,0,0,0,0,0,0,0,0,0,0,0,0,0,0,0,0,0,0,0,0,0,0,0,0,0,0,0,0,0,0,0,0,0,0,0,0,0,0,0,0,0,0,0,0,0,0,0,0,0,0,0,0,0,0,0,0,0,0,0,0,0,0,0,0,0,0,0,0,0,0,0,0,0,0,0,0,0,0,0,0,0,0,0,0,0,0,0,0,0,0,0,0,0,0,0,0,0,0,0,0,0,0,0,0,0,0,0,0,0,0,0,0,0,0,0,0,0,0,0,0,0,0,0,0,0,0,0,0,0,0,0,0,0,0,0,0,0,0,0,0,0,0,0,0,0,0,0,0,0,0,0,0,0,0,0,0,0,0,0,0,0,0,0,0,0,0,0,0,0,0,0,0,0,0,0,0,0,0,0,0,0,0,0,0,0,0,0
0.128,0,0,0,0,0,0,0,0,0,0,0,0,0,0,0,0,0,0,0,0,0,0,0,0,0,0,0,0,0,0,0,0,0,0,0,0,0,0,0,0,0,0,0,0,0,0,0,0,0,0,0,0,0,0,0,0,0,0,0,0,0,0,0,0,0,0,0,0,0,0,0,0,0,0,0,0,0,0,0,0,0,0,0,0,0,0,0,0,0,0,0,0,0,0,0,0,0,0,0,0,0,0,0,0,0,0,0,0,0,0,0,0,0,0,0,0,0,0,0,0,0,0,0,0,0,0,0,0,0,0,0,0,0,0,0,0,0,0,0,0,0,0,0,0,0,0,0,0,0,0,0,0,0,0,0,0,0,0,0,0,0,0,0,0,0,0,0,0,0,0,0,0,0,0,0,0,0,0,0,0,0,0,0,0,0,0,0,0,0,0,0,0,0,0,0,0,0,0,0,0,0,0,0,0,0,0,0,0,0,0,0,0,0,0,0,0,0,0,0,0,0,0,0,0,0,0,0,0,0,0,0,0,0,0
0.146,0,0,0,0,0,0,0,0,0,0,0,0,0,0,0,0,0,0,0,0,0,0,0,0,0,0,0,0,0,0,0,0,0,0,0,0,0,0,0,0,0,0,0,0,0,0,0,0,0,0,0,0,0,0,0,0,0,0,0,0,0,0,0,0,0,0,0,0,0,0,0,0,0,0,0,0,0,0,0,0,0,0,0,0,0,0,0,0,0,0,0,0,0,0,0,0,0,0,0,0,0,0,0,0,0,0,0,0,0,0,0,0,0,0,0,0,0,0,0,0,0,0,0,0,0,0,0,0,0,0,0,0,0,0,0,0,0,0,0,0,0,0,0,0,0,0,0,0,0,0,0,0,0,0,0,0,0,0,0,0,0,0,0,0,0,0,0,0,0,0,0,0,0,0,0,0,0,0,0,0,0,0,0,0,0,0,0,0,0,0,0,0,0,0,0,0,0,0,0,0,0,0,0,0,0,0,0,0,0,0,0,0,0,0,0,0,0,0,0,0,0,0,0,0,0,0,0,0,0,0,0,0,0,0
0.166,0,0,0,0,0,0,0,0,0,0,0,0,0,0,0,0,0,0,0,0,0,0,0,0,0,0,0,0,0,0,0,0,0,0,0,0,0,0,0,0,0,0,0,0,0,0,0,0,0,0,0,0,0,0,0,0,0,0,0,0,0,0,0,0,0,0,0,0,0,0,0,0,0,0,0,0,0,0,0,0,0,0,0,0,0,0,0,0,0,0,0,0,0,0,0,0,0,0,0,0,0,0,0,0,0,0,0,0,0,0,0,0,0,0,0,0,0,0,0,0,0,0,0,0,0,0,0,0,0,0,0,0,0,0,0,0,0,0,0,0,0,0,0,0,0,0,0,0,0,0,0,0,0,0,0,0,0,0,0,0,0,0,0,0,0,0,0,0,0,0,0,0,0,0,0,0,0,0,0,0,0,0,0,0,0,0,0,0,0,0,0,0,0,0,0,0,0,0,0,0,0,0,0,0,0,0,0,0,0,0,0,0,0,0,0,0,0,0,0,0,0,0,0,0,0,0,0,0,0,0,0,0,0,0
0.188,0,0,0,0,0,0,0,0,0,0,0,0,0,0,0,0,0,0,0,0,0,0,0,0,0,0,0,0,0,0,0,0,0,0,0,0,0,0,0,0,0,0,0,0,0,0,0,0,0,0,0,0,0,0,0,0,0,0,0,0,0,0,0,0,0,0,0,0,0,0,0,0,0,0,0,0,0,0,0,0,0,0,0,0,0,0,0,0,0,0,0,0,0,0,0,0,0,0,0,0,0,0,0,0,0,0,0,0,0,0,0,0,0,0,0,0,0,0,0,0,0,0,0,0,0,0,0,0,0,0,0,0,0,0,0,0,0,0,0,0,0,0,0,0,0,0,0,0,0,0,0,0,0,0,0,0,0,0,0,0,0,0,0,0,0,0,0,0,0,0,0,0,0,0,0,0,0,0,0,0,0,0,0,0,0,0,0,0,0,0,0,0,0,0,0,0,0,0,0,0,0,0,0,0,0,0,0,0,0,0,0,0,0,0,0,0,0,0,0,0,0,0,0,0,0,0,0,0,0,0,0,0,0,0
0.214,0,0,0,0,0,0,0,0,0,0,0,0,0,0,0,0,0,0,0,0,0,0,0,0,0,0,0,0,0,0,0,0,0,0,0,0,0,0,0,0,0,0,0,0,0,0,0,0,0,0,0,0,0,0,0,0,0,0,0,0,0,0,0,0,0,0,0,0,0,0,0,0,0,0,0,0,0,0,0,0,0,0,0,0,0,0,0,0,0,0,0,0,0,0,0,0,0,0,0,0,0,0,0,0,0,0,0,0,0,0,0,0,0,0,0,0,0,0,0,0,0,0,0,0,0,0,0,0,0,0,0,0,0,0,0,0,0,0,0,0,0,0,0,0,0,0,0,0,0,0,0,0,0,0,0,0,0,0,0,0,0,0,0,0,0,0,0,0,0,0,0,0,0,0,0,0,0,0,0,0,0,0,0,0,0,0,0,0,0,0,0,0,0,0,0,0,0,0,0,0,0,0,0,0,0,0,0,0,0,0,0,0,0,0,0,0,0,0,0,0,0,0,0,0,0,0,0,0,0,0,0,0,0,0
0.243,0,0,0,0,0,0,0,0,0,0,0,0,0,0,0,0,0,0,0,0,0,0,0,0,0,0,0,0,0,0,0,0,0,0,0,0,0,0,0,0,0,0,0,0,0,0,0,0,0,0,0,0,0,0,0,0,0,0,0,0,0,0,0,0,0,0,0,0,0,0,0,0,0,0,0,0,0,0,0,0,0,0,0,0,0,0,0,0,0,0,0,0,0,0,0,0,0,0,0,0,0,0,0,0,0,0,0,0,0,0,0,0,0,0,0,0,0,0,0,0,0,0,0,0,0,0,0,0,0,0,0,0,0,0,0,0,0,0,0,0,0,0,0,0,0,0,0,0,0,0,0,0,0,0,0,0,0,0,0,0,0,0,0,0,0,0,0,0,0,0,0,0,0,0,0,0,0,0,0,0,0,0,0,0,0,0,0,0,0,0,0,0,0,0,0,0,0,0,0,0,0,0,0,0,0,0,0,0,0,0,0,0,0,0,0,0,0,0,0,0,0,0,0,0,0,0,0,0,0,0,0,0,0,0
0.276,0,0,0,0,0,0,0,0,0,0,0,0,0,0,0,0,0,0,0,0,0,0,0,0,0,0,0,0,0,0,0,0,0,0,0,0,0,0,0,0,0,0,0,0,0,0,0,0,0,0,0,0,0,0,0,0,0,0,0,0,0,0,0,0,0,0,0,0,0,0,0,0,0,0,0,0,0,0,0,0,0,0,0,0,0,0,0,0,0,0,0,0,0,0,0,0,0,0,0,0,0,0,0,0,0,0,0,0,0,0,0,0,0,0,0,0,0,0,0,0,0,0,0,0,0,0,0,0,0,0,0,0,0,0,0,0,0,0,0,0,0,0,0,0,0,0,0,0,0,0,0,0,0,0,0,0,0,0,0,0,0,0,0,0,0,0,0,0,0,0,0,0,0,0,0,0,0,0,0,0,0,0,0,0,0,0,0,0,0,0,0,0,0,0,0,0,0,0,0,0,0,0,0,0,0,0,0,0,0,0,0,0,0,0,0,0,0,0,0,0,0,0,0,0,0,0,0,0,0,0,0,0,0,0
0.314,0,0,0,0,0,0,0,0,0,0,0,0,0,0,0,0,0,0,0,0,0,0,0,0,0,0,0,0,0,0,0,0,0,0,0,0,0,0,0,0,0,0,0,0,0,0,0,0,0,0,0,0,0,0,0,0,0,0,0,0,0,0,0,0,0,0,0,0,0,0,0,0,0,0,0,0,0,0,0,0,0,0,0,0,0,0,0,0,0,0,0,0,0,0,0,0,0,0,0,0,0,0,0,0,0,0,0,0,0,0,0,0,0,0,0,0,0,0,0,0,0,0,0,0,0,0,0,0,0,0,0,0,0,0,0,0,0,0,0,0,0,0,0,0,0,0,0,0,0,0,0,0,0,0,0,0,0,0,0,0,0,0,0,0,0,0,0,0,0,0,0,0,0,0,0,0,0,0,0,0,0,0,0,0,0,0,0,0,0,0,0,0,0,0,0,0,0,0,0,0,0,0,0,0,0,0,0,0,0,0,0,0,0,0,0,0,0,0,0,0,0,0,0,0,0,0,0,0,0,0,0,0,0,0
0.357,0,0,0,0,0,0,0,0,0,0,0,0,0,0,0,0,0,0,0,0,0,0,0,0,0,0,0,0,0,0,0,0,0,0,0,0,0,0,0,0,0,0,0,0,0,0,0,0,0,0,0,0,0,0,0,0,0,0,0,0,0,0,0,0,0,0,0,0,0,0,0,0,0,0,0,0,0,0,0,0,0,0,0,0,0,0,0,0,0,0,0,0,0,0,0,0,0,0,0,0,0,0,0,0,0,0,0,0,0,0,0,0,0,0,0,0,0,0,0,0,0,0,0,0,0,0,0,0,0,0,0,0,0,0,0,0,0,0,0,0,0,0,0,0,0,0,0,0,0,0,0,0,0,0,0,0,0,0,0,0,0,0,0,0,0,0,0,0,0,0,0,0,0,0,0,0,0,0,0,0,0,0,0,0,0,0,0,0,0,0,0,0,0,0,0,0,0,0,0,0,0,0,0,0,0,0,0,0,0,0,0,0,0,0,0,0,0,0,0,0,0,0,0,0,0,0,0,0,0,0,0,0,0,0
0.405,0,0,0,0,0,0,0,0,0,0,0,0,0,0,0,0,0,0,0,0,0,0,0,0,0,0,0,0,0,0,0,0,0,0,0,0,0,0,0,0,0,0,0,0,0,0,0,0,0,0,0,0,0,0,0,0,0,0,0,0,0,0,0,0,0,0,0,0,0,0,0,0,0,0,0,0,0,0,0,0,0,0,0,0,0,0,0,0,0,0,0,0,0,0,0,0,0,0,0,0,0,0,0,0,0,0,0,0,0,0,0,0,0,0,0,0,0,0,0,0,0,0,0,0,0,0,0,0,0,0,0,0,0,0,0,0,0,0,0,0,0,0,0,0,0,0,0,0,0,0,0,0,0,0,0,0,0,0,0,0,0,0,0,0,0,0,0,0,0,0,0,0,0,0,0,0,0,0,0,0,0,0,0,0,0,0,0,0,0,0,0,0,0,0,0,0,0,0,0,0,0,0,0,0,0,0,0,0,0,0,0,0,0,0,0,0,0,0,0,0,0,0,0,0,0,0,0,0,0,0,0,0,0,0
0.46,0,0,0,0,0,0,0,0,0,0,0,0,0,0,0,0,0,0,0,0,0,0,0,0,0,0,0,0,0,0,0,0,0,0,0,0,0,0,0,0,0,0,0,0,0,0,0,0,0,0,0,0,0,0,0,0,0,0,0,0,0,0,0,0,0,0,0,0,0,0,0,0,0,0,0,0,0,0,0,0,0,0,0,0,0,0,0,0,0,0,0,0,0,0,0,0,0,0,0,0,0,0,0,0,0,0,0,0,0,0,0,0,0,0,0,0,0,0,0,0,0,0,0,0,0,0,0,0,0,0,0,0,0,0,0,0,0,0,0,0,0,0,0,0,0,0,0,0,0,0,0,0,0,0,0,0,0,0,0,0,0,0,0,0,0,0,0,0,0,0,0,0,0,0,0,0,0,0,0,0,0,0,0,0,0,0,0,0,0,0,0,0,0,0,0,0,0,0,0,0,0,0,0,0,0,0,0,0,0,0,0,0,0,0,0,0,0,0,0,0,0,0,0,0,0,0,0,0,0,0,0,0,0,0
0.523,0,0,0,0,0,0,0,0,0,0,0,0,0,0,0,0,0,0,0,0,0,0,0,0,0,0,0,0,0,0,0,0,0,0,0,0,0,0,0,0,0,0,0,0,0,0,0,0,0,0,0,0,0,0,0,0,0,0,0,0,0,0,0,0,0,0,0,0,0,0,0,0,0,0,0,0,0,0,0,0,0,0,0,0,0,0,0,0,0,0,0,0,0,0,0,0,0,0,0,0,0,0,0,0,0,0,0,0,0,0,0,0,0,0,0,0,0,0,0,0,0,0,0,0,0,0,0,0,0,0,0,0,0,0,0,0,0,0,0,0,0,0,0,0,0,0,0,0,0,0,0,0,0,0,0,0,0,0,0,0,0,0,0,0,0,0,0,0,0,0,0,0,0,0,0,0,0,0,0,0,0,0,0,0,0,0,0,0,0,0,0,0,0,0,0,0,0,0,0,0,0,0,0,0,0,0,0,0,0,0,0,0,0,0,0,0,0,0,0,0,0,0,0,0,0,0,0,0,0,0,0,0,0,0
0.594,0,0,0,0,0,0,0,0,0,0,0,0,0,0,0,0,0,0,0,0,0,0,0,0,0,0,0,0,0,0,0,0,0,0,0,0,0,0,0,0,0,0,0,0,0,0,0,0,0,0,0,0,0,0,0,0,0,0,0,0,0,0,0,0,0,0,0,0,0,0,0,0,0,0,0,0,0,0,0,0,0,0,0,0,0,0,0,0,0,0,0,0,0,0,0,0,0,0,0,0,0,0,0,0,0,0,0,0,0,0,0,0,0,0,0,0,0,0,0,0,0,0,0,0,0,0,0,0,0,0,0,0,0,0,0,0,0,0,0,0,0,0,0,0,0,0,0,0,0,0,0,0,0,0,0,0,0,0,0,0,0,0,0,0,0,0,0,0,0,0,0,0,0,0,0,0,0,0,0,0,0,0,0,0,0,0,0,0,0,0,0,0,0,0,0,0,0,0,0,0,0,0,0,0,0,0,0,0,0,0,0,0,0,0,0,0,0,0,0,0,0,0,0,0,0,0,0,0,0,0,0,0,0,0
0.675,0,0,0,0,0,0,0,0,0,0,0,0,0,0,0,0,0,0,0,0,0,0,0,0,0,0,0,0,0,0,0,0,0,0,0,0,0,0,0,0,0,0,0,0,0,0,0,0,0,0,0,0,0,0,0,0,0,0,0,0,0,0,0,0,0,0,0,0,0,0,0,0,0,0,0,0,0,0,0,0,0,0,0,0,0,0,0,0,0,0,0,0,0,0,0,0,0,0,0,0,0,0,0,0,0,0,0,0,0,0,0,0,0,0,0,0,0,0,0,0,0,0,0,0,0,0,0,0,0,0,0,0,0,0,0,0,0,0,0,0,0,0,0,0,0,0,0,0,0,0,0,0,0,0,0,0,0,0,0,0,0,0,0,0,0,0,0,0,0,0,0,0,0,0,0,0,0,0,0,0,0,0,0,0,0,0,0,0,0,0,0,0,0,0,0,0,0,0,0,0,0,0,0,0,0,0,0,0,0,0,0,0,0,0,0,0,0,0,0,0,0,0,0,0,0,0,0,0,0,0,0,0,0,0
0.767,0,0,0,0,0,0,0,0,0,0,0,0,0,0,0,0,0,0,0,0,0,0,0,0,0,0,0,0,0,0,0,0,0,0,0,0,0,0,0,0,0,0,0,0,0,0,0,0,0,0,0,0,0,0,0,0,0,0,0,0,0,0,0,0,0,0,0,0,0,0,0,0,0,0,0,0,0,0,0,0,0,0,0,0,0,0,0,0,0,0,0,0,0,0,0,0,0,0,0,0,0,0,0,0,0,0,0,0,0,0,0,0,0,0,0,0,0,0,0,0,0,0,0,0,0,0,0,0,0,0,0,0,0,0,0,0,0,0,0,0,0,0,0,0,0,0,0,0,0,0,0,0,0,0,0,0,0,0,0,0,0,0,0,0,0,0,0,0,0,0,0,0,0,0,0,0,0,0,0,0,0,0,0,0,0,0,0,0,0,0,0,0,0,0,0,0,0,0,0,0,0,0,0,0,0,0,0,0,0,0,0,0,0,0,0,0,0,0,0,0,0,0,0,0,0,0,0,0,0,0,0,0,0,0
0.872,0,0,0,0,0,0,0,0,0,0,0,0,0,0,0,0,0,0,0,0,0,0,0,0,0,0,0,0,0,0,0,0,0,0,0,0,0,0,0,0,0,0,0,0,0,0,0,0,0,0,0,0,0,0,0,0,0,0,0,0,0,0,0,0,0,0,0,0,0,0,0,0,0,0,0,0,0,0,0,0,0,0,0,0,0,0,0,0,0,0,0,0,0,0,0,0,0,0,0,0,0,0,0,0,0,0,0,0,0,0,0,0,0,0,0,0,0,0,0,0,0,0,0,0,0,0,0,0,0,0,0,0,0,0,0,0,0,0,0,0,0,0,0,0,0,0,0,0,0,0,0,0,0,0,0,0,0,0,0,0,0,0,0,0,0,0,0,0,0,0,0,0,0,0,0,0,0,0,0,0,0,0,0,0,0,0,0,0,0,0,0,0,0,0,0,0,0,0,0,0,0,0,0,0,0,0,0,0,0,0,0,0,0,0,0,0,0,0,0,0,0,0,0,0,0,0,0,0,0,0,0,0,0,0
0.991,0,0,0,0,0,0,0,0,0,0,0,0,0,0,0,0,0,0,0,0,0,0,0,0,0,0,0,0,0,0,0,0,0,0,0,0,0,0,0,0,0,0,0,0,0,0,0,0,0,0,0,0,0,0,0,0,0,0,0,0,0,0,0,0,0,0,0,0,0,0,0,0,0,0,0,0,0,0,0,0,0,0,0,0,0,0,0,0,0,0,0,0,0,0,0,0,0,0,0,0,0,0,0,0,0,0,0,0,0,0,0,0,0,0,0,0,0,0,0,0,0,0,0,0,0,0,0,0,0,0,0,0,0,0,0,0,0,0,0,0,0,0,0,0,0,0,0,0,0,0,0,0,0,0,0,0,0,0,0,0,0,0,0,0,0,0,0,0,0,0,0,0,0,0,0,0,0,0,0,0,0,0,0,0,0,0,0,0,0,0,0,0,0,0,0,0,0,0,0,0,0,0,0,0,0,0,0,0,0,0,0,0,0,0,0,0,0,0,0,0,0,0,0,0,0,0,0,0,0,0,0,0,0,0
1.13,0,0,0,0,0,0,0,0,0,0,0,0,0,0,0,0,0,0,0,0,0,0,0,0,0,0,0,0,0,0,0,0,0,0,0,0,0,0,0,0,0,0,0,0,0,0,0,0,0,0,0,0,0,0,0,0,0,0,0,0,0,0,0,0,0,0,0,0,0,0,0,0,0,0,0,0,0,0,0,0,0,0,0,0,0,0,0,0,0,0,0,0,0,0,0,0,0,0,0,0,0,0,0,0,0,0,0,0,0,0,0,0,0,0,0,0,0,0,0,0,0,0,0,0,0,0,0,0,0,0,0,0,0,0,0,0,0,0,0,0,0,0,0,0,0,0,0,0,0,0,0,0,0,0,0,0,0,0,0,0,0,0,0,0,0,0,0,0,0,0,0,0,0,0,0,0,0,0,0,0,0,0,0,0,0,0,0,0,0,0,0,0,0,0,0,0,0,0,0,0,0,0,0,0,0,0,0,0,0,0,0,0,0,0,0,0,0,0,0,0,0,0,0,0,0,0,0,0,0,0,0,0,0,0
1.28,0,0,0,0,0,0,0,0,0,0,0,0,0,0,0,0,0,0,0,0,0,0,0,0,0,0,0,0,0,0,0,0,0,0,0,0,0,0,0,0,0,0,0,0,0,0,0,0,0,0,0,0,0,0,0,0,0,0,0,0,0,0,0,0,0,0,0,0,0,0,0,0,0,0,0,0,0,0,0,0,0,0,0,0,0,0,0,0,0,0,0,0,0,0,0,0,0,0,0,0,0,0,0,0,0,0,0,0,0,0,0,0,0,0,0,0,0,0,0,0,0,0,0,0,0,0,0,0,0,0,0,0,0,0,0,0,0,0,0,0,0,0,0,0,0,0,0,0,0,0,0,0,0,0,0,0,0,0,0,0,0,0,0,0,0,0,0,0,0,0,0,0,0,0,0,0,0,0,0,0,0,0,0,0,0,0,0,0,0,0,0,0,0,0,0,0,0,0,0,0,0,0,0,0,0,0,0,0,0,0,0,0,0,0,0,0,0,0,0,0,0,0,0,0,0,0,0,0,0,0,0,0,0,0
1.45,0,0,0,0,0,0,0,0,0,0,0,0,0,0,0,0,0,0,0,0,0,0,0,0,0,0,0,0,0,0,0,0,0,0,0,0,0,0,0,0,0,0,0,0,0,0,0,0,0,0,0,0,0,0,0,0,0,0,0,0,0,0,0,0,0,0,0,0,0,0,0,0,0,0,0,0,0,0,0,0,0,0,0,0,0,0,0,0,0,0,0,0,0,0,0,0,0,0,0,0,0,0,0,0,0,0,0,0,0,0,0,0,0,0,0,0,0,0,0,0,0,0,0,0,0,0,0,0,0,0,0,0,0,0,0,0,0,0,0,0,0,0,0,0,0,0,0,0,0,0,0,0,0,0,0,0,0,0,0,0,0,0,0,0,0,0,0,0,0,0,0,0,0,0,0,0,0,0,0,0,0,0,0,0,0,0,0,0,0,0,0,0,0,0,0,0,0,0,0,0,0,0,0,0,0,0,0,0,0,0,0,0,0,0,0,0,0,0,0,0,0,0,0,0,0,0,0,0,0,0,0,0,0,0
1.65,0,0,0,0,0,0,0,0,0,0,0,0,0,0,0,0,0,0,0,0,0,0,0,0,0,0,0,0,0,0,0,0,0,0,0,0,0,0,0,0,0,0,0,0,0,0,0,0,0,0,0,0,0,0,0,0,0,0,0,0,0,0,0,0,0,0,0,0,0,0,0,0,0,0,0,0,0,0,0,0,0,0,0,0,0,0,0,0,0,0,0,0,0,0,0,0,0,0,0,0,0,0,0,0,0,0,0,0,0,0,0,0,0,0,0,0,0,0,0,0,0,0,0,0,0,0,0,0,0,0,0,0,0,0,0,0,0,0,0,0,0,0,0,0,0,0,0,0,0,0,0,0,0,0,0,0,0,0,0,0,0,0,0,0,0,0,0,0,0,0,0,0,0,0,0,0,0,0,0,0,0,0,0,0,0,0,0,0,0,0,0,0,0,0,0,0,0,0,0,0,0,0,0,0,0,0,0,0,0,0,0,0,0,0,0,0,0,0,0,0,0,0,0,0,0,0,0,0,0,0,0,0,0,0
1.88,0,0,0,0,0,0,0,0,0,0,0,0,0,0,0,0,0,0,0,0,0,0,0,0,0,0,0,0,0,0,0,0,0,0,0,0,0,0,0,0,0,0,0,0,0,0,0,0,0,0,0,0,0,0,0,0,0,0,0,0,0,0,0,0,0,0,0,0,0,0,0,0,0,0,0,0,0,0,0,0,0,0,0,0,0,0,0,0,0,0,0,0,0,0,0,0,0,0,0,0,0,0,0,0,0,0,0,0,0,0,0,0,0,0,0,0,0,0,0,0,0,0,0,0,0,0,0,0,0,0,0,0,0,0,0,0,0,0,0,0,0,0,0,0,0.07,0.07,0.07,0.06,0.07,0.07,0.06,0.06,0.06,0.08,0.08,0.08,0.09,0.09,0.09,0.07,0.07,0.08,0,0,0,0,0,0,0,0,0,0,0,0,0,0,0,0,0,0,0,0,0,0,0,0,0,0,0,0,0,0,0,0,0,0,0,0,0,0,0,0,0,0,0,0,0,0,0,0,0,0,0,0,0,0,0,0,0,0,0,0,0,0,0,0,0,0,0,0,0,0,0,0
2.13,0,0,0,0,0,0,0,0,0,0,0,0,0,0,0,0,0,0,0,0,0,0,0,0,0,0,0,0,0,0,0,0,0,0,0,0,0,0,0,0,0,0,0,0,0,0,0,0,0,0,0,0,0,0,0.09,0.1,0.1,0.11,0.12,0.12,0.11,0.12,0.12,0.11,0.12,0.13,0,0,0,0,0.06,0.07,0.11,0.12,0.12,0.14,0.14,0.15,0.13,0.14,0.15,0,0,0,0,0,0,0,0,0,0.09,0.09,0.1,0.08,0.09,0.09,0.1,0.1,0.1,0,0,0,0,0,0,0,0,0,0.1,0.1,0.1,0.1,0.1,0.1,0.12,0.12,0.13,0.09,0.1,0.1,0.08,0.08,0.09,0.09,0.1,0.11,0,0,0,0,0,0.06,0.08,0.09,0.1,0.07,0.08,0.08,0.1,0.11,0.11,0.07,0.07,0.07,0.19,0.2,0.2,0.19,0.19,0.19,0.18,0.18,0.19,0.21,0.21,0.21,0.23,0.24,0.25,0.21,0.2,0.21,0.1,0.1,0.11,0.1,0.11,0.11,0.13,0.12,0.13,0.09,0.1,0.11,0.09,0.09,0.09,0.09,0.1,0.1,0,0,0,0.05,0.06,0,0.08,0.08,0.08,0.07,0.06,0,0,0,0,0.08,0.07,0.07,0,0,0,0,0,0,0,0,0,0,0,0,0,0,0,0,0,0,0,0,0,0,0,0,0,0,0,0,0,0,0,0,0,0,0,0
2.42,0,0,0,0,0,0,0,0,0,0,0,0,0,0,0,0,0,0,0,0,0,0,0,0,0,0,0,0,0,0,0,0,0,0,0,0,0.09,0.1,0.1,0,0.06,0.07,0,0,0,0,0.06,0.07,0.07,0.07,0.08,0.06,0.07,0.07,0.19,0.21,0.21,0.23,0.25,0.25,0.23,0.24,0.25,0.23,0.24,0.25,0.1,0.11,0.12,0.13,0.15,0.16,0.22,0.23,0.24,0.28,0.28,0.3,0.26,0.28,0.3,0,0,0,0,0,0,0,0,0.06,0.19,0.19,0.2,0.17,0.18,0.19,0.2,0.21,0.21,0,0.06,0.06,0.08,0.09,0.1,0.08,0.09,0.09,0.19,0.2,0.2,0.2,0.21,0.21,0.25,0.25,0.26,0.19,0.2,0.21,0.16,0.17,0.18,0.2,0.22,0.22,0.11,0.11,0.12,0.11,0.13,0.13,0.17,0.19,0.2,0.17,0.18,0.18,0.22,0.23,0.24,0.15,0.16,0.16,0.35,0.36,0.36,0.34,0.35,0.35,0.33,0.34,0.34,0.37,0.38,0.36,0.41,0.43,0.44,0.37,0.36,0.38,0.19,0.2,0.2,0.2,0.21,0.22,0.25,0.24,0.24,0.19,0.2,0.21,0.17,0.18,0.18,0.19,0.19,0.2,0.11,0.1,0.1,0.11,0.13,0.11,0.15,0.15,0.15,0.14,0.12,0.1,0.09,0.09,0.07,0.15,0.14,0.13,0,0,0,0,0,0,0,0,0,0,0,0,0,0,0,0,0,0,0,0,0,0,0,0,0,0,0,0,0,0,0,0,0,0,0,0
2.75,0,0,0,0,0,0,0,0,0,0,0,0,0,0,0,0,0,0,0,0,0,0,0,0,0,0,0,0,0,0,0,0.06,0.07,0.06,0.07,0.07,0.19,0.2,0.21,0.14,0.15,0.16,0.11,0.11,0.12,0.13,0.14,0.15,0.16,0.17,0.17,0.15,0.16,0.17,0.34,0.36,0.36,0.4,0.42,0.42,0.39,0.41,0.42,0.38,0.4,0.42,0.2,0.22,0.24,0.25,0.28,0.3,0.36,0.38,0.4,0.46,0.47,0.49,0.42,0.46,0.48,0.08,0.09,0.1,0.11,0.12,0.12,0.14,0.15,0.16,0.32,0.32,0.33,0.3,0.31,0.32,0.34,0.35,0.36,0.12,0.14,0.14,0.18,0.19,0.2,0.17,0.19,0.2,0.32,0.33,0.33,0.34,0.36,0.36,0.42,0.42,0.43,0.32,0.34,0.34,0.28,0.29,0.31,0.33,0.36,0.37,0.2,0.21,0.23,0.21,0.23,0.24,0.3,0.32,0.34,0.3,0.31,0.32,0.38,0.39,0.4,0.27,0.28,0.29,0.55,0.55,0.55,0.53,0.54,0.54,0.51,0.52,0.52,0.56,0.57,0.55,0.62,0.65,0.66,0.56,0.55,0.58,0.3,0.32,0.33,0.32,0.33,0.36,0.4,0.39,0.39,0.31,0.33,0.34,0.29,0.29,0.3,0.31,0.31,0.32,0.19,0.17,0.17,0.2,0.22,0.19,0.25,0.25,0.25,0.23,0.2,0.16,0.16,0.16,0.13,0.23,0.23,0.22,0,0,0,0,0.06,0,0.07,0.07,0.07,0,0,0,0,0,0,0,0,0,0,0,0,0,0,0,0,0,0,0,0,0,0,0,0,0,0,0
3.12,0,0,0,0,0,0,0,0,0,0.12,0.14,0.14,0.14,0.15,0.15,0.14,0.15,0.16,0.14,0.15,0.17,0.15,0.16,0.17,0.16,0.17,0.19,0.14,0.16,0.17,0.17,0.19,0.21,0.2,0.21,0.22,0.37,0.39,0.39,0.29,0.3,0.32,0.24,0.24,0.26,0.28,0.3,0.32,0.32,0.34,0.35,0.32,0.34,0.35,0.56,0.59,0.59,0.66,0.69,0.68,0.64,0.67,0.68,0.62,0.64,0.67,0.37,0.39,0.43,0.45,0.48,0.52,0.57,0.61,0.63,0.73,0.74,0.77,0.67,0.72,0.75,0.22,0.23,0.24,0.26,0.28,0.29,0.32,0.33,0.35,0.52,0.53,0.54,0.5,0.52,0.52,0.56,0.58,0.58,0.26,0.28,0.29,0.34,0.36,0.38,0.34,0.36,0.38,0.5,0.52,0.53,0.55,0.57,0.57,0.67,0.67,0.68,0.52,0.55,0.56,0.46,0.48,0.51,0.55,0.59,0.6,0.36,0.37,0.39,0.37,0.4,0.41,0.51,0.54,0.57,0.5,0.52,0.54,0.63,0.64,0.66,0.47,0.49,0.49,0.82,0.82,0.82,0.79,0.8,0.8,0.77,0.78,0.78,0.82,0.82,0.79,0.9,0.93,0.95,0.82,0.8,0.84,0.48,0.51,0.52,0.51,0.53,0.57,0.62,0.6,0.6,0.49,0.53,0.54,0.46,0.47,0.48,0.48,0.49,0.51,0.31,0.28,0.28,0.33,0.36,0.31,0.41,0.4,0.4,0.36,0.32,0.26,0.26,0.26,0.21,0.36,0.36,0.34,0.1,0.11,0.11,0.13,0.14,0.12,0.15,0.16,0.16,0,0,0,0,0,0,0,0,0,0,0,0,0,0,0,0,0,0,0,0,0,0,0,0,0,0,0
3.55,0.09,0.1,0.12,0.12,0.13,0.14,0.14,0.16,0.18,0.35,0.38,0.39,0.37,0.4,0.41,0.38,0.4,0.42,0.35,0.38,0.41,0.38,0.41,0.42,0.41,0.43,0.45,0.36,0.39,0.41,0.42,0.44,0.47,0.46,0.48,0.49,0.68,0.7,0.71,0.55,0.56,0.6,0.47,0.46,0.51,0.55,0.59,0.61,0.62,0.64,0.66,0.62,0.64,0.65,0.91,0.95,0.95,1.06,1.11,1.09,1.03,1.07,1.09,0.99,1.01,1.06,0.64,0.68,0.73,0.76,0.82,0.87,0.9,0.96,0.99,1.15,1.16,1.21,1.05,1.13,1.17,0.46,0.49,0.51,0.53,0.56,0.58,0.64,0.66,0.68,0.85,0.85,0.87,0.81,0.84,0.85,0.91,0.93,0.94,0.5,0.53,0.55,0.63,0.66,0.69,0.63,0.66,0.69,0.79,0.82,0.83,0.89,0.92,0.92,1.07,1.07,1.08,0.84,0.89,0.9,0.75,0.78,0.82,0.89,0.96,0.96,0.62,0.62,0.66,0.63,0.68,0.7,0.84,0.88,0.92,0.84,0.87,0.9,1.04,1.05,1.08,0.79,0.82,0.82,1.23,1.21,1.22,1.18,1.18,1.19,1.15,1.16,1.16,1.19,1.19,1.14,1.31,1.35,1.37,1.19,1.17,1.22,0.76,0.8,0.81,0.81,0.83,0.89,0.98,0.94,0.94,0.77,0.83,0.84,0.73,0.74,0.75,0.77,0.77,0.79,0.51,0.47,0.47,0.55,0.58,0.52,0.66,0.65,0.64,0.57,0.5,0.41,0.43,0.43,0.35,0.57,0.55,0.52,0.22,0.23,0.24,0.26,0.28,0.25,0.29,0.31,0.31,0,0,0,0,0,0,0,0,0,0,0,0,0,0,0,0,0,0,0,0,0,0,0,0,0,0,0
4.03,0.27,0.29,0.33,0.35,0.37,0.39,0.4,0.44,0.48,0.72,0.77,0.78,0.75,0.8,0.81,0.76,0.8,0.83,0.68,0.73,0.77,0.74,0.78,0.82,0.79,0.82,0.86,0.7,0.74,0.77,0.79,0.82,0.87,0.86,0.89,0.91,1.11,1.14,1.15,0.93,0.95,1,0.8,0.79,0.86,0.95,1,1.04,1.05,1.08,1.1,1.05,1.08,1.1,1.4,1.45,1.45,1.62,1.68,1.65,1.57,1.63,1.65,1.5,1.53,1.59,1.03,1.09,1.17,1.21,1.28,1.37,1.36,1.43,1.49,1.72,1.74,1.8,1.57,1.69,1.74,0.82,0.88,0.91,0.93,0.99,1.01,1.11,1.14,1.17,1.3,1.3,1.33,1.25,1.29,1.3,1.4,1.42,1.44,0.85,0.89,0.92,1.04,1.09,1.13,1.05,1.1,1.13,1.19,1.23,1.24,1.35,1.39,1.4,1.62,1.61,1.63,1.3,1.36,1.37,1.16,1.2,1.26,1.37,1.47,1.47,0.98,0.99,1.04,1,1.07,1.1,1.31,1.37,1.43,1.32,1.36,1.4,1.62,1.62,1.66,1.24,1.28,1.28,1.77,1.75,1.75,1.69,1.7,1.71,1.67,1.67,1.67,1.68,1.68,1.61,1.85,1.91,1.92,1.69,1.66,1.73,1.14,1.19,1.21,1.22,1.25,1.33,1.46,1.41,1.4,1.17,1.24,1.26,1.1,1.11,1.13,1.15,1.15,1.19,0.8,0.73,0.73,0.87,0.9,0.8,1.02,1,0.98,0.85,0.76,0.63,0.67,0.67,0.55,0.85,0.83,0.78,0.4,0.43,0.44,0.45,0.48,0.42,0.51,0.52,0.52,0.08,0.09,0.09,0.13,0.13,0.11,0.11,0.1,0.09,0,0,0,0,0,0,0,0,0,0,0,0,0,0,0,0.07,0.07,0.07
4.58,0.52,0.55,0.63,0.67,0.69,0.73,0.74,0.82,0.88,1.15,1.23,1.26,1.2,1.27,1.29,1.22,1.27,1.32,1.06,1.13,1.2,1.17,1.23,1.28,1.24,1.28,1.34,1.11,1.15,1.21,1.23,1.28,1.34,1.33,1.37,1.4,1.61,1.66,1.67,1.37,1.39,1.46,1.19,1.17,1.27,1.4,1.47,1.53,1.54,1.59,1.62,1.54,1.58,1.62,1.95,2.02,2.02,2.25,2.33,2.29,2.18,2.26,2.29,2.08,2.11,2.2,1.47,1.55,1.67,1.71,1.82,1.93,1.87,1.97,2.04,2.37,2.39,2.47,2.16,2.31,2.38,1.25,1.33,1.37,1.4,1.48,1.51,1.65,1.69,1.74,1.81,1.81,1.86,1.75,1.8,1.82,1.95,1.98,2,1.25,1.31,1.35,1.51,1.58,1.63,1.54,1.6,1.64,1.64,1.7,1.7,1.87,1.93,1.93,2.25,2.23,2.26,1.81,1.9,1.9,1.62,1.68,1.76,1.91,2.04,2.05,1.39,1.4,1.47,1.42,1.51,1.55,1.84,1.92,2,1.86,1.91,1.97,2.27,2.27,2.32,1.75,1.81,1.81,2.38,2.34,2.34,2.27,2.27,2.29,2.24,2.24,2.25,2.22,2.22,2.13,2.44,2.52,2.54,2.25,2.2,2.29,1.57,1.64,1.67,1.68,1.72,1.83,2.01,1.93,1.92,1.61,1.71,1.73,1.52,1.54,1.56,1.59,1.59,1.64,1.12,1.03,1.03,1.25,1.26,1.12,1.43,1.39,1.37,1.17,1.04,0.86,0.94,0.94,0.78,1.17,1.13,1.08,0.61,0.65,0.66,0.67,0.71,0.63,0.75,0.77,0.77,0.17,0.19,0.18,0.24,0.25,0.21,0.21,0.19,0.18,0.09,0.1,0.09,0.11,0.11,0.1,0.11,0.11,0.12,0.11,0.12,0.12,0.13,0.13,0.12,0.16,0.16,0.15
5.21,0.78,0.82,0.94,0.99,1.02,1.08,1.1,1.2,1.29,1.57,1.67,1.71,1.63,1.72,1.75,1.65,1.73,1.79,1.43,1.51,1.6,1.58,1.66,1.72,1.67,1.72,1.79,1.48,1.54,1.61,1.64,1.7,1.79,1.77,1.82,1.86,2.07,2.13,2.14,1.77,1.8,1.89,1.55,1.52,1.65,1.83,1.91,1.99,2,2.05,2.1,2,2.05,2.1,2.45,2.54,2.53,2.82,2.92,2.86,2.73,2.83,2.87,2.6,2.65,2.75,1.88,1.98,2.12,2.18,2.3,2.45,2.34,2.46,2.55,2.96,2.99,3.09,2.69,2.88,2.97,1.64,1.74,1.8,1.83,1.94,1.98,2.16,2.21,2.27,2.28,2.28,2.34,2.2,2.26,2.29,2.46,2.49,2.52,1.62,1.69,1.75,1.95,2.03,2.1,1.99,2.06,2.11,2.05,2.12,2.12,2.35,2.43,2.43,2.82,2.8,2.83,2.27,2.39,2.39,2.04,2.12,2.21,2.41,2.57,2.58,1.77,1.78,1.87,1.81,1.92,1.97,2.33,2.42,2.52,2.36,2.43,2.5,2.87,2.87,2.93,2.22,2.3,2.3,2.93,2.88,2.88,2.79,2.8,2.81,2.76,2.76,2.76,2.7,2.71,2.6,2.98,3.07,3.1,2.74,2.68,2.8,1.96,2.05,2.08,2.11,2.15,2.29,2.51,2.41,2.4,2.01,2.14,2.16,1.91,1.92,1.95,1.99,1.98,2.05,1.42,1.3,1.3,1.6,1.59,1.41,1.8,1.75,1.73,1.47,1.3,1.08,1.19,1.18,0.98,1.46,1.41,1.34,0.81,0.86,0.87,0.88,0.93,0.82,0.98,1.01,1.01,0.25,0.28,0.27,0.35,0.36,0.31,0.3,0.28,0.27,0.16,0.16,0.16,0.19,0.18,0.17,0.17,0.19,0.2,0.18,0.19,0.2,0.2,0.21,0.2,0.24,0.25,0.23
5.92,1,1.05,1.19,1.27,1.31,1.37,1.41,1.53,1.63,1.9,2.02,2.06,1.97,2.08,2.11,1.99,2.08,2.16,1.71,1.81,1.92,1.89,1.99,2.06,2,2.06,2.14,1.77,1.85,1.92,1.96,2.03,2.13,2.11,2.17,2.22,2.42,2.49,2.51,2.08,2.11,2.22,1.81,1.78,1.93,2.15,2.25,2.34,2.35,2.41,2.46,2.35,2.41,2.46,2.82,2.92,2.92,3.24,3.36,3.3,3.14,3.25,3.29,3,3.05,3.17,2.19,2.3,2.46,2.52,2.67,2.84,2.69,2.83,2.93,3.4,3.44,3.55,3.1,3.31,3.41,1.94,2.07,2.13,2.17,2.29,2.34,2.55,2.61,2.68,2.63,2.63,2.7,2.54,2.61,2.64,2.84,2.87,2.91,1.91,1.99,2.05,2.29,2.38,2.46,2.33,2.41,2.47,2.35,2.44,2.44,2.71,2.79,2.8,3.25,3.22,3.26,2.63,2.76,2.76,2.36,2.45,2.56,2.78,2.97,2.98,2.06,2.07,2.18,2.1,2.23,2.29,2.7,2.81,2.92,2.74,2.81,2.9,3.33,3.32,3.39,2.58,2.67,2.67,3.33,3.28,3.27,3.18,3.18,3.2,3.15,3.14,3.15,3.06,3.07,2.94,3.37,3.47,3.5,3.11,3.03,3.17,2.25,2.36,2.39,2.42,2.47,2.63,2.89,2.77,2.75,2.31,2.45,2.48,2.19,2.21,2.24,2.29,2.28,2.35,1.65,1.5,1.51,1.86,1.84,1.64,2.09,2.03,2,1.69,1.5,1.25,1.37,1.36,1.13,1.67,1.62,1.54,0.96,1.01,1.03,1.03,1.09,0.96,1.16,1.18,1.18,0.32,0.36,0.34,0.44,0.45,0.38,0.38,0.35,0.34,0.21,0.21,0.22,0.25,0.24,0.22,0.23,0.24,0.26,0.24,0.25,0.26,0.27,0.27,0.26,0.32,0.32,0.3
6.72,1.18,1.24,1.4,1.49,1.54,1.61,1.65,1.79,1.91,2.14,2.28,2.32,2.22,2.34,2.38,2.24,2.34,2.42,1.91,2.02,2.14,2.12,2.22,2.3,2.24,2.3,2.4,1.98,2.06,2.15,2.19,2.26,2.37,2.35,2.42,2.47,2.66,2.73,2.75,2.28,2.32,2.44,1.99,1.96,2.12,2.37,2.48,2.58,2.59,2.66,2.72,2.59,2.66,2.72,3.06,3.17,3.17,3.51,3.65,3.58,3.4,3.53,3.57,3.26,3.32,3.45,2.39,2.51,2.7,2.75,2.92,3.1,2.93,3.08,3.19,3.7,3.74,3.86,3.36,3.6,3.71,2.15,2.29,2.37,2.4,2.54,2.6,2.83,2.9,2.98,2.86,2.87,2.94,2.77,2.84,2.88,3.09,3.12,3.16,2.1,2.19,2.27,2.53,2.62,2.72,2.57,2.66,2.73,2.56,2.65,2.66,2.95,3.04,3.04,3.53,3.51,3.55,2.86,3,3.01,2.58,2.67,2.79,3.04,3.24,3.25,2.26,2.27,2.38,2.3,2.44,2.5,2.95,3.07,3.2,3,3.08,3.17,3.64,3.63,3.71,2.83,2.92,2.92,3.59,3.54,3.53,3.43,3.43,3.45,3.4,3.39,3.4,3.28,3.29,3.15,3.62,3.72,3.76,3.34,3.26,3.4,2.45,2.56,2.59,2.63,2.68,2.86,3.13,3,2.98,2.51,2.66,2.69,2.38,2.4,2.43,2.48,2.47,2.55,1.8,1.64,1.64,2.04,2.01,1.78,2.28,2.21,2.18,1.83,1.63,1.35,1.49,1.48,1.23,1.81,1.76,1.67,1.07,1.12,1.14,1.14,1.2,1.06,1.28,1.3,1.3,0.37,0.41,0.4,0.5,0.52,0.44,0.43,0.41,0.39,0.26,0.26,0.26,0.29,0.29,0.27,0.27,0.29,0.3,0.28,0.3,0.3,0.31,0.32,0.31,0.37,0.38,0.36
7.64,1.34,1.4,1.58,1.68,1.73,1.82,1.87,2.02,2.16,2.33,2.48,2.53,2.41,2.54,2.58,2.44,2.54,2.63,2.06,2.18,2.31,2.28,2.4,2.48,2.41,2.49,2.59,2.14,2.22,2.31,2.36,2.44,2.56,2.53,2.61,2.67,2.82,2.9,2.92,2.42,2.46,2.59,2.12,2.08,2.26,2.53,2.64,2.75,2.76,2.84,2.9,2.76,2.83,2.9,3.2,3.33,3.33,3.68,3.82,3.75,3.56,3.69,3.74,3.43,3.49,3.63,2.52,2.65,2.85,2.9,3.08,3.27,3.08,3.24,3.36,3.89,3.92,4.06,3.53,3.78,3.9,2.3,2.45,2.54,2.57,2.72,2.78,3.03,3.1,3.19,3.01,3.02,3.09,2.91,2.99,3.03,3.25,3.29,3.33,2.24,2.34,2.42,2.69,2.8,2.9,2.74,2.84,2.91,2.69,2.78,2.79,3.1,3.2,3.2,3.71,3.69,3.73,3.02,3.17,3.17,2.71,2.82,2.94,3.2,3.41,3.43,2.39,2.4,2.52,2.44,2.58,2.65,3.12,3.25,3.38,3.17,3.26,3.35,3.84,3.84,3.92,2.99,3.08,3.08,3.75,3.69,3.68,3.58,3.58,3.6,3.54,3.54,3.55,3.41,3.41,3.27,3.75,3.86,3.9,3.46,3.38,3.52,2.56,2.68,2.71,2.76,2.81,2.99,3.29,3.14,3.13,2.63,2.79,2.82,2.49,2.51,2.54,2.6,2.59,2.67,1.9,1.73,1.74,2.16,2.12,1.88,2.4,2.33,2.3,1.92,1.71,1.42,1.57,1.55,1.3,1.9,1.84,1.75,1.14,1.2,1.22,1.21,1.28,1.13,1.36,1.39,1.39,0.4,0.46,0.43,0.55,0.57,0.48,0.47,0.45,0.43,0.29,0.29,0.29,0.33,0.33,0.31,0.3,0.32,0.34,0.32,0.34,0.34,0.35,0.36,0.35,0.41,0.42,0.4
8.68,1.48,1.55,1.74,1.86,1.91,2,2.06,2.23,2.38,2.48,2.64,2.69,2.56,2.7,2.75,2.59,2.71,2.8,2.18,2.31,2.45,2.41,2.54,2.62,2.55,2.63,2.73,2.26,2.35,2.45,2.49,2.57,2.7,2.67,2.76,2.82,2.93,3.02,3.04,2.52,2.56,2.7,2.2,2.17,2.35,2.64,2.76,2.88,2.87,2.96,3.03,2.88,2.96,3.03,3.28,3.41,3.41,3.76,3.91,3.84,3.64,3.78,3.83,3.53,3.59,3.74,2.61,2.74,2.95,2.99,3.17,3.37,3.17,3.34,3.46,3.99,4.03,4.17,3.62,3.88,4,2.41,2.57,2.67,2.69,2.85,2.92,3.17,3.24,3.34,3.1,3.11,3.19,3,3.08,3.13,3.34,3.38,3.43,2.35,2.45,2.53,2.81,2.92,3.03,2.86,2.96,3.04,2.76,2.87,2.88,3.19,3.29,3.29,3.81,3.79,3.83,3.11,3.27,3.27,2.8,2.91,3.04,3.3,3.52,3.54,2.47,2.48,2.62,2.53,2.68,2.75,3.23,3.36,3.5,3.28,3.37,3.47,3.97,3.97,4.05,3.09,3.19,3.19,3.82,3.76,3.75,3.65,3.65,3.67,3.61,3.61,3.62,3.45,3.46,3.31,3.8,3.91,3.95,3.51,3.43,3.58,2.63,2.75,2.78,2.83,2.88,3.07,3.37,3.22,3.2,2.69,2.85,2.89,2.56,2.57,2.61,2.67,2.65,2.73,1.97,1.8,1.8,2.24,2.19,1.95,2.48,2.41,2.38,1.98,1.76,1.47,1.61,1.6,1.34,1.95,1.89,1.8,1.19,1.25,1.27,1.27,1.34,1.18,1.42,1.45,1.45,0.43,0.49,0.46,0.59,0.61,0.52,0.5,0.48,0.46,0.32,0.32,0.32,0.36,0.36,0.34,0.33,0.35,0.37,0.35,0.37,0.37,0.38,0.39,0.38,0.45,0.46,0.43
9.86,1.61,1.69,1.89,2.02,2.08,2.18,2.24,2.42,2.59,2.61,2.79,2.84,2.7,2.85,2.9,2.73,2.85,2.95,2.28,2.42,2.57,2.53,2.66,2.75,2.67,2.75,2.86,2.36,2.46,2.56,2.6,2.7,2.83,2.8,2.88,2.95,3.02,3.1,3.13,2.59,2.64,2.78,2.26,2.23,2.42,2.72,2.86,2.98,2.97,3.06,3.13,2.97,3.05,3.13,3.31,3.44,3.44,3.79,3.94,3.87,3.67,3.81,3.86,3.58,3.65,3.8,2.66,2.81,3.02,3.03,3.22,3.43,3.21,3.39,3.52,4.03,4.07,4.22,3.66,3.92,4.05,2.5,2.67,2.77,2.79,2.95,3.02,3.28,3.36,3.46,3.15,3.16,3.25,3.05,3.13,3.18,3.39,3.44,3.49,2.43,2.53,2.63,2.91,3.02,3.13,2.96,3.06,3.14,2.81,2.91,2.93,3.23,3.33,3.34,3.86,3.84,3.88,3.17,3.33,3.34,2.85,2.97,3.1,3.36,3.59,3.61,2.53,2.55,2.69,2.59,2.75,2.82,3.31,3.45,3.59,3.34,3.44,3.55,4.05,4.05,4.13,3.15,3.26,3.26,3.83,3.78,3.77,3.66,3.67,3.7,3.63,3.63,3.64,3.45,3.46,3.31,3.8,3.91,3.95,3.5,3.42,3.58,2.66,2.78,2.81,2.86,2.91,3.11,3.41,3.26,3.24,2.71,2.88,2.92,2.58,2.6,2.63,2.69,2.68,2.76,2.01,1.84,1.85,2.29,2.23,1.99,2.53,2.46,2.43,2.01,1.79,1.49,1.64,1.63,1.37,1.98,1.92,1.83,1.23,1.3,1.32,1.31,1.39,1.23,1.47,1.5,1.5,0.46,0.52,0.49,0.62,0.64,0.55,0.53,0.51,0.49,0.35,0.34,0.35,0.39,0.39,0.37,0.35,0.38,0.4,0.37,0.39,0.4,0.4,0.42,0.41,0.48,0.49,0.46
11.2,1.75,1.83,2.06,2.2,2.26,2.37,2.44,2.63,2.81,2.75,2.94,3,2.84,3,3.06,2.87,3,3.11,2.39,2.54,2.7,2.64,2.78,2.88,2.79,2.88,3,2.48,2.58,2.69,2.73,2.82,2.97,2.93,3.02,3.09,3.1,3.18,3.22,2.66,2.71,2.86,2.32,2.29,2.49,2.81,2.95,3.07,3.06,3.16,3.23,3.06,3.15,3.23,3.32,3.45,3.46,3.79,3.94,3.88,3.68,3.82,3.87,3.62,3.69,3.83,2.7,2.86,3.08,3.07,3.26,3.47,3.24,3.43,3.55,4.05,4.09,4.24,3.68,3.94,4.07,2.59,2.76,2.87,2.88,3.05,3.13,3.39,3.46,3.57,3.19,3.2,3.29,3.09,3.18,3.23,3.43,3.48,3.53,2.51,2.62,2.72,3,3.12,3.23,3.05,3.16,3.24,2.84,2.95,2.97,3.25,3.36,3.37,3.89,3.87,3.91,3.22,3.38,3.39,2.9,3.02,3.16,3.41,3.65,3.66,2.59,2.61,2.76,2.65,2.81,2.89,3.38,3.52,3.66,3.4,3.5,3.61,4.11,4.11,4.19,3.21,3.32,3.32,3.82,3.77,3.77,3.66,3.67,3.7,3.63,3.63,3.64,3.42,3.43,3.29,3.76,3.87,3.91,3.48,3.4,3.56,2.68,2.79,2.82,2.88,2.93,3.12,3.42,3.28,3.25,2.72,2.88,2.93,2.59,2.61,2.64,2.7,2.69,2.77,2.05,1.88,1.89,2.33,2.28,2.03,2.57,2.5,2.47,2.03,1.81,1.52,1.66,1.66,1.4,2,1.94,1.85,1.28,1.34,1.37,1.36,1.44,1.28,1.52,1.55,1.55,0.49,0.55,0.52,0.66,0.69,0.59,0.57,0.54,0.52,0.38,0.37,0.38,0.42,0.42,0.4,0.38,0.4,0.42,0.4,0.42,0.42,0.43,0.45,0.44,0.51,0.52,0.5
12.7,1.9,2,2.24,2.39,2.46,2.58,2.65,2.85,3.05,2.91,3.11,3.17,3,3.18,3.24,3.03,3.18,3.29,2.51,2.68,2.85,2.77,2.92,3.03,2.92,3.03,3.15,2.61,2.72,2.84,2.87,2.97,3.12,3.08,3.17,3.25,3.18,3.28,3.31,2.74,2.79,2.95,2.39,2.37,2.58,2.9,3.05,3.18,3.16,3.27,3.34,3.17,3.25,3.34,3.33,3.46,3.48,3.79,3.94,3.88,3.68,3.82,3.87,3.65,3.72,3.87,2.76,2.93,3.15,3.1,3.3,3.51,3.26,3.46,3.59,4.05,4.09,4.24,3.68,3.95,4.08,2.68,2.87,2.98,2.98,3.15,3.24,3.5,3.57,3.68,3.23,3.25,3.34,3.13,3.22,3.28,3.47,3.52,3.57,2.61,2.72,2.83,3.1,3.23,3.34,3.16,3.27,3.35,2.87,2.99,3.01,3.28,3.39,3.4,3.91,3.89,3.93,3.27,3.44,3.45,2.94,3.08,3.22,3.47,3.71,3.72,2.66,2.68,2.84,2.71,2.89,2.97,3.45,3.6,3.74,3.45,3.56,3.67,4.16,4.16,4.24,3.26,3.37,3.38,3.8,3.76,3.75,3.64,3.66,3.69,3.61,3.62,3.64,3.38,3.4,3.26,3.71,3.82,3.87,3.45,3.37,3.53,2.69,2.81,2.84,2.89,2.95,3.14,3.43,3.29,3.26,2.73,2.89,2.93,2.6,2.62,2.65,2.71,2.69,2.77,2.1,1.93,1.94,2.38,2.33,2.08,2.61,2.54,2.51,2.05,1.84,1.54,1.68,1.69,1.43,2.02,1.96,1.88,1.32,1.4,1.42,1.42,1.51,1.33,1.57,1.61,1.6,0.52,0.59,0.56,0.71,0.74,0.63,0.61,0.58,0.56,0.41,0.4,0.41,0.46,0.46,0.43,0.41,0.44,0.46,0.42,0.45,0.45,0.47,0.49,0.47,0.55,0.57,0.54
14.5,2.08,2.18,2.45,2.6,2.68,2.81,2.88,3.1,3.31,3.08,3.29,3.36,3.18,3.37,3.43,3.22,3.37,3.49,2.65,2.84,3.02,2.92,3.08,3.2,3.08,3.19,3.32,2.77,2.88,3,3.04,3.14,3.3,3.26,3.35,3.43,3.28,3.38,3.42,2.83,2.89,3.06,2.48,2.46,2.68,3.01,3.17,3.3,3.28,3.39,3.46,3.28,3.37,3.46,3.34,3.48,3.5,3.79,3.94,3.89,3.68,3.82,3.88,3.68,3.75,3.9,2.83,3.01,3.24,3.14,3.35,3.56,3.28,3.49,3.62,4.05,4.09,4.24,3.69,3.95,4.08,2.79,2.99,3.1,3.09,3.27,3.36,3.62,3.69,3.8,3.28,3.3,3.4,3.18,3.28,3.34,3.51,3.56,3.61,2.72,2.84,2.95,3.22,3.35,3.46,3.28,3.39,3.48,2.92,3.04,3.07,3.3,3.42,3.43,3.93,3.91,3.96,3.33,3.51,3.52,3,3.14,3.29,3.53,3.77,3.79,2.75,2.76,2.93,2.79,2.98,3.07,3.54,3.69,3.83,3.51,3.63,3.74,4.22,4.22,4.29,3.32,3.44,3.45,3.78,3.74,3.74,3.62,3.65,3.68,3.6,3.61,3.63,3.34,3.36,3.23,3.66,3.78,3.82,3.42,3.35,3.51,2.71,2.83,2.86,2.91,2.97,3.16,3.45,3.3,3.27,2.73,2.89,2.93,2.61,2.62,2.66,2.71,2.7,2.78,2.15,1.99,2.01,2.44,2.38,2.14,2.66,2.58,2.56,2.08,1.88,1.57,1.71,1.73,1.47,2.04,1.99,1.91,1.38,1.46,1.49,1.49,1.58,1.4,1.64,1.68,1.67,0.56,0.64,0.61,0.78,0.81,0.69,0.67,0.63,0.6,0.45,0.44,0.45,0.51,0.51,0.48,0.45,0.48,0.51,0.46,0.49,0.5,0.51,0.53,0.52,0.6,0.62,0.59
16.4,2.27,2.38,2.67,2.83,2.91,3.05,3.12,3.36,3.59,3.27,3.49,3.56,3.38,3.58,3.64,3.41,3.57,3.71,2.8,3.01,3.2,3.08,3.25,3.38,3.25,3.37,3.51,2.94,3.07,3.19,3.22,3.33,3.49,3.45,3.55,3.63,3.39,3.49,3.53,2.94,2.99,3.17,2.58,2.56,2.79,3.13,3.29,3.43,3.41,3.52,3.6,3.41,3.49,3.59,3.36,3.5,3.52,3.8,3.94,3.89,3.69,3.82,3.88,3.72,3.79,3.94,2.91,3.11,3.35,3.19,3.4,3.61,3.31,3.52,3.66,4.05,4.08,4.23,3.69,3.95,4.08,2.91,3.12,3.24,3.21,3.4,3.49,3.74,3.81,3.91,3.33,3.36,3.46,3.24,3.34,3.4,3.56,3.61,3.66,2.84,2.98,3.09,3.34,3.47,3.59,3.4,3.52,3.61,2.98,3.11,3.13,3.33,3.46,3.47,3.96,3.94,3.98,3.39,3.58,3.59,3.06,3.21,3.37,3.59,3.84,3.85,2.84,2.86,3.03,2.88,3.08,3.17,3.63,3.78,3.92,3.57,3.69,3.81,4.27,4.27,4.34,3.38,3.51,3.52,3.76,3.72,3.73,3.61,3.64,3.67,3.59,3.6,3.62,3.3,3.33,3.2,3.61,3.73,3.77,3.4,3.34,3.5,2.73,2.85,2.88,2.92,2.98,3.18,3.46,3.31,3.28,2.74,2.89,2.93,2.62,2.64,2.67,2.72,2.71,2.78,2.21,2.05,2.07,2.5,2.44,2.2,2.71,2.63,2.61,2.11,1.92,1.6,1.74,1.78,1.52,2.06,2.02,1.94,1.45,1.53,1.56,1.56,1.67,1.47,1.72,1.76,1.75,0.62,0.71,0.67,0.86,0.9,0.76,0.74,0.7,0.67,0.5,0.49,0.51,0.58,0.57,0.53,0.5,0.54,0.57,0.51,0.54,0.55,0.56,0.59,0.58,0.66,0.69,0.65
18.7,2.47,2.59,2.91,3.06,3.14,3.31,3.36,3.62,3.86,3.45,3.68,3.76,3.57,3.78,3.85,3.61,3.77,3.91,2.96,3.18,3.38,3.25,3.43,3.56,3.42,3.55,3.69,3.12,3.25,3.38,3.41,3.52,3.69,3.65,3.74,3.83,3.49,3.59,3.63,3.04,3.1,3.28,2.68,2.66,2.91,3.25,3.41,3.55,3.54,3.64,3.73,3.53,3.61,3.7,3.38,3.52,3.54,3.79,3.93,3.88,3.68,3.82,3.87,3.75,3.82,3.97,2.99,3.21,3.45,3.24,3.45,3.66,3.34,3.55,3.7,4.03,4.06,4.21,3.68,3.94,4.07,3.04,3.25,3.37,3.33,3.52,3.61,3.85,3.92,4.02,3.38,3.41,3.52,3.29,3.39,3.45,3.6,3.65,3.7,2.97,3.11,3.23,3.46,3.6,3.71,3.52,3.64,3.73,3.04,3.18,3.21,3.36,3.49,3.5,3.97,3.95,4,3.45,3.65,3.65,3.12,3.28,3.45,3.65,3.9,3.91,2.94,2.96,3.14,2.97,3.18,3.28,3.71,3.86,4.01,3.63,3.75,3.87,4.31,4.3,4.37,3.45,3.58,3.59,3.73,3.7,3.7,3.58,3.62,3.65,3.57,3.59,3.6,3.26,3.29,3.17,3.56,3.68,3.72,3.38,3.32,3.48,2.74,2.86,2.9,2.93,2.99,3.19,3.46,3.32,3.28,2.74,2.89,2.92,2.63,2.64,2.68,2.72,2.71,2.78,2.26,2.11,2.14,2.56,2.5,2.27,2.77,2.68,2.66,2.14,1.95,1.63,1.77,1.83,1.56,2.08,2.05,1.97,1.51,1.61,1.64,1.64,1.75,1.55,1.8,1.84,1.83,0.69,0.78,0.75,0.96,1,0.84,0.82,0.78,0.74,0.56,0.56,0.57,0.65,0.64,0.6,0.57,0.61,0.64,0.56,0.6,0.61,0.63,0.66,0.64,0.74,0.78,0.73
21.2,2.66,2.79,3.13,3.28,3.37,3.54,3.59,3.86,4.12,3.62,3.85,3.93,3.74,3.96,4.03,3.78,3.95,4.1,3.1,3.33,3.54,3.39,3.58,3.73,3.58,3.7,3.85,3.29,3.43,3.55,3.58,3.7,3.86,3.83,3.92,4.01,3.57,3.67,3.71,3.13,3.19,3.37,2.77,2.75,3.01,3.35,3.52,3.66,3.65,3.75,3.84,3.64,3.71,3.8,3.39,3.53,3.54,3.77,3.91,3.85,3.66,3.79,3.84,3.76,3.82,3.97,3.08,3.3,3.55,3.27,3.48,3.69,3.35,3.57,3.72,3.99,4.02,4.17,3.65,3.91,4.03,3.15,3.37,3.49,3.42,3.62,3.71,3.93,4,4.1,3.41,3.45,3.55,3.32,3.43,3.49,3.62,3.67,3.72,3.09,3.24,3.35,3.57,3.7,3.81,3.62,3.75,3.83,3.1,3.25,3.27,3.38,3.51,3.52,3.97,3.95,4,3.5,3.7,3.7,3.17,3.33,3.51,3.69,3.94,3.95,3.04,3.06,3.24,3.05,3.27,3.38,3.77,3.92,4.07,3.66,3.78,3.9,4.32,4.3,4.37,3.49,3.63,3.64,3.68,3.65,3.65,3.55,3.58,3.62,3.54,3.56,3.57,3.2,3.24,3.12,3.48,3.6,3.65,3.35,3.3,3.46,2.74,2.86,2.9,2.93,2.99,3.19,3.45,3.3,3.27,2.73,2.88,2.91,2.63,2.64,2.68,2.71,2.7,2.77,2.31,2.17,2.2,2.6,2.56,2.32,2.82,2.72,2.69,2.16,1.97,1.65,1.79,1.88,1.6,2.1,2.07,1.99,1.58,1.68,1.72,1.71,1.83,1.61,1.87,1.91,1.91,0.77,0.87,0.83,1.06,1.11,0.93,0.91,0.87,0.82,0.63,0.64,0.65,0.74,0.73,0.68,0.64,0.69,0.73,0.63,0.67,0.69,0.71,0.74,0.72,0.84,0.87,0.82
24.1,2.84,2.97,3.33,3.47,3.56,3.74,3.77,4.06,4.32,3.75,3.98,4.06,3.87,4.11,4.17,3.92,4.09,4.24,3.21,3.45,3.66,3.51,3.71,3.86,3.7,3.82,3.97,3.43,3.57,3.7,3.72,3.84,4.01,3.98,4.07,4.15,3.61,3.71,3.75,3.19,3.25,3.43,2.83,2.82,3.08,3.42,3.59,3.73,3.73,3.83,3.91,3.7,3.77,3.86,3.37,3.51,3.52,3.72,3.86,3.79,3.6,3.73,3.78,3.75,3.8,3.95,3.14,3.36,3.63,3.28,3.49,3.7,3.34,3.56,3.72,3.92,3.94,4.08,3.59,3.86,3.97,3.24,3.46,3.58,3.49,3.69,3.78,3.98,4.05,4.14,3.41,3.46,3.56,3.33,3.44,3.5,3.61,3.66,3.7,3.19,3.34,3.45,3.64,3.76,3.88,3.68,3.81,3.89,3.16,3.3,3.33,3.37,3.5,3.52,3.94,3.91,3.97,3.51,3.72,3.72,3.2,3.36,3.54,3.69,3.94,3.95,3.11,3.14,3.31,3.12,3.34,3.45,3.78,3.93,4.09,3.66,3.77,3.89,4.28,4.25,4.31,3.51,3.65,3.65,3.6,3.57,3.57,3.48,3.52,3.55,3.48,3.5,3.51,3.13,3.16,3.05,3.38,3.51,3.55,3.31,3.26,3.42,2.73,2.85,2.89,2.9,2.96,3.16,3.4,3.26,3.22,2.7,2.85,2.87,2.61,2.62,2.66,2.68,2.67,2.74,2.34,2.2,2.24,2.63,2.59,2.35,2.85,2.75,2.72,2.16,1.98,1.65,1.8,1.9,1.62,2.09,2.08,2,1.63,1.74,1.78,1.76,1.89,1.66,1.93,1.97,1.97,0.85,0.97,0.92,1.17,1.22,1.03,1.02,0.96,0.91,0.72,0.73,0.74,0.84,0.83,0.78,0.73,0.79,0.83,0.71,0.75,0.78,0.79,0.83,0.8,0.94,0.98,0.93
27.4,2.98,3.1,3.48,3.62,3.7,3.89,3.91,4.2,4.47,3.82,4.06,4.14,3.96,4.19,4.25,4.01,4.17,4.32,3.29,3.53,3.74,3.59,3.79,3.94,3.78,3.9,4.05,3.54,3.67,3.79,3.82,3.94,4.1,4.08,4.17,4.24,3.6,3.7,3.74,3.21,3.27,3.45,2.87,2.84,3.12,3.45,3.62,3.76,3.77,3.85,3.94,3.72,3.78,3.87,3.31,3.45,3.46,3.63,3.77,3.69,3.5,3.63,3.68,3.69,3.73,3.88,3.18,3.39,3.66,3.26,3.46,3.66,3.31,3.51,3.68,3.8,3.82,3.96,3.5,3.76,3.86,3.28,3.52,3.63,3.5,3.71,3.81,3.96,4.04,4.12,3.38,3.42,3.52,3.29,3.41,3.47,3.55,3.6,3.64,3.25,3.4,3.51,3.66,3.78,3.89,3.7,3.83,3.9,3.19,3.34,3.36,3.33,3.46,3.48,3.87,3.83,3.89,3.48,3.69,3.69,3.19,3.35,3.53,3.64,3.89,3.9,3.16,3.19,3.35,3.15,3.37,3.48,3.75,3.89,4.06,3.61,3.72,3.84,4.18,4.15,4.19,3.5,3.63,3.63,3.49,3.45,3.45,3.38,3.41,3.45,3.39,3.41,3.41,3.02,3.06,2.95,3.25,3.37,3.41,3.23,3.19,3.35,2.68,2.8,2.85,2.84,2.89,3.09,3.32,3.17,3.14,2.64,2.79,2.8,2.58,2.58,2.61,2.63,2.61,2.69,2.36,2.22,2.27,2.63,2.59,2.36,2.87,2.77,2.72,2.14,1.96,1.63,1.79,1.91,1.62,2.07,2.06,1.99,1.68,1.79,1.84,1.8,1.92,1.69,1.97,2.01,2.01,0.94,1.07,1.02,1.29,1.33,1.13,1.12,1.06,1.01,0.82,0.83,0.84,0.95,0.94,0.88,0.83,0.9,0.94,0.81,0.85,0.88,0.89,0.93,0.9,1.06,1.09,1.04
31.1,3.07,3.19,3.59,3.71,3.79,3.98,3.99,4.28,4.53,3.84,4.08,4.15,3.98,4.22,4.27,4.03,4.19,4.33,3.31,3.55,3.75,3.62,3.82,3.96,3.81,3.92,4.06,3.59,3.71,3.83,3.87,3.99,4.14,4.12,4.21,4.26,3.55,3.65,3.68,3.18,3.25,3.42,2.86,2.83,3.1,3.43,3.6,3.74,3.75,3.83,3.91,3.68,3.74,3.83,3.22,3.36,3.37,3.49,3.63,3.54,3.37,3.49,3.54,3.58,3.62,3.76,3.18,3.38,3.64,3.2,3.39,3.58,3.24,3.44,3.6,3.64,3.66,3.79,3.37,3.62,3.71,3.29,3.52,3.63,3.47,3.69,3.78,3.9,3.97,4.05,3.29,3.35,3.44,3.22,3.34,3.39,3.45,3.5,3.54,3.28,3.42,3.53,3.64,3.75,3.86,3.67,3.78,3.85,3.2,3.34,3.37,3.25,3.38,3.41,3.75,3.71,3.76,3.41,3.61,3.61,3.14,3.29,3.47,3.55,3.79,3.79,3.17,3.2,3.36,3.14,3.35,3.46,3.67,3.8,3.96,3.52,3.62,3.73,4.01,3.97,4.01,3.45,3.57,3.56,3.33,3.29,3.29,3.25,3.27,3.31,3.26,3.27,3.28,2.88,2.93,2.82,3.08,3.2,3.24,3.13,3.09,3.25,2.61,2.73,2.78,2.74,2.79,3,3.2,3.05,3.02,2.56,2.7,2.71,2.52,2.52,2.55,2.56,2.54,2.61,2.37,2.22,2.27,2.6,2.57,2.34,2.88,2.77,2.7,2.1,1.92,1.6,1.77,1.9,1.62,2.03,2.03,1.96,1.72,1.82,1.88,1.81,1.93,1.7,2,2.03,2.04,1.04,1.18,1.13,1.41,1.45,1.23,1.24,1.17,1.12,0.93,0.94,0.96,1.07,1.07,0.99,0.95,1.03,1.07,0.91,0.95,0.99,0.99,1.04,1,1.18,1.22,1.16
35.3,3.12,3.23,3.63,3.75,3.82,4.01,4,4.28,4.52,3.8,4.03,4.09,3.95,4.18,4.23,4,4.14,4.27,3.29,3.52,3.71,3.6,3.79,3.92,3.79,3.88,4.02,3.58,3.7,3.82,3.87,3.97,4.11,4.11,4.19,4.22,3.45,3.54,3.58,3.12,3.18,3.35,2.81,2.78,3.05,3.37,3.53,3.67,3.69,3.76,3.83,3.6,3.65,3.73,3.09,3.23,3.23,3.32,3.46,3.36,3.19,3.3,3.35,3.44,3.47,3.59,3.14,3.32,3.57,3.1,3.27,3.46,3.15,3.33,3.48,3.45,3.46,3.58,3.2,3.44,3.52,3.25,3.48,3.59,3.39,3.61,3.7,3.78,3.85,3.93,3.17,3.23,3.32,3.1,3.22,3.28,3.31,3.36,3.39,3.26,3.39,3.5,3.57,3.67,3.78,3.58,3.69,3.75,3.18,3.31,3.34,3.14,3.27,3.3,3.59,3.55,3.59,3.29,3.48,3.48,3.05,3.19,3.37,3.4,3.63,3.63,3.14,3.17,3.32,3.1,3.29,3.4,3.53,3.64,3.8,3.37,3.46,3.57,3.79,3.74,3.77,3.35,3.47,3.45,3.14,3.09,3.08,3.08,3.09,3.13,3.09,3.1,3.11,2.72,2.76,2.66,2.89,3,3.04,2.99,2.95,3.11,2.52,2.64,2.68,2.62,2.67,2.87,3.04,2.9,2.87,2.45,2.59,2.6,2.45,2.45,2.48,2.48,2.44,2.52,2.36,2.2,2.26,2.56,2.51,2.3,2.87,2.75,2.66,2.03,1.86,1.57,1.75,1.87,1.6,1.98,1.98,1.92,1.75,1.84,1.9,1.8,1.92,1.69,2.01,2.04,2.05,1.14,1.29,1.24,1.52,1.57,1.34,1.35,1.28,1.24,1.07,1.07,1.09,1.21,1.2,1.13,1.08,1.17,1.21,1.04,1.08,1.12,1.11,1.16,1.12,1.32,1.36,1.3
40.1,3.11,3.23,3.63,3.74,3.81,3.97,3.95,4.22,4.45,3.71,3.93,3.99,3.87,4.08,4.12,3.91,4.04,4.15,3.23,3.45,3.63,3.54,3.73,3.83,3.72,3.8,3.93,3.54,3.65,3.76,3.82,3.91,4.04,4.04,4.11,4.13,3.31,3.41,3.43,3.02,3.08,3.25,2.72,2.69,2.96,3.27,3.42,3.56,3.59,3.65,3.71,3.47,3.51,3.6,2.93,3.07,3.07,3.12,3.25,3.16,2.98,3.1,3.14,3.26,3.28,3.39,3.06,3.21,3.45,2.97,3.13,3.31,3.03,3.2,3.33,3.22,3.23,3.34,3.01,3.23,3.3,3.17,3.4,3.51,3.27,3.51,3.58,3.62,3.69,3.77,3.02,3.09,3.17,2.96,3.08,3.14,3.13,3.19,3.22,3.21,3.32,3.43,3.46,3.55,3.65,3.46,3.55,3.61,3.13,3.25,3.28,3.01,3.12,3.15,3.4,3.35,3.39,3.13,3.31,3.31,2.93,3.06,3.23,3.21,3.43,3.42,3.08,3.1,3.24,3.01,3.19,3.29,3.34,3.44,3.59,3.19,3.27,3.36,3.52,3.46,3.48,3.22,3.33,3.3,2.91,2.87,2.85,2.88,2.89,2.92,2.89,2.9,2.92,2.54,2.58,2.48,2.67,2.77,2.81,2.82,2.79,2.94,2.42,2.53,2.57,2.48,2.53,2.71,2.86,2.72,2.69,2.33,2.46,2.47,2.38,2.37,2.4,2.39,2.34,2.41,2.34,2.18,2.26,2.5,2.44,2.25,2.84,2.73,2.61,1.95,1.79,1.55,1.73,1.83,1.58,1.92,1.93,1.88,1.78,1.87,1.93,1.78,1.89,1.67,2.01,2.04,2.05,1.25,1.42,1.37,1.65,1.7,1.46,1.48,1.41,1.37,1.22,1.22,1.24,1.36,1.36,1.28,1.23,1.33,1.39,1.19,1.24,1.27,1.24,1.3,1.26,1.48,1.53,1.45
45.6,3.07,3.19,3.59,3.69,3.75,3.9,3.86,4.1,4.31,3.59,3.8,3.85,3.75,3.95,3.98,3.78,3.9,3.98,3.15,3.35,3.51,3.45,3.63,3.71,3.61,3.69,3.81,3.46,3.56,3.67,3.74,3.81,3.92,3.93,3.99,3.99,3.15,3.25,3.27,2.9,2.97,3.13,2.62,2.59,2.85,3.14,3.29,3.42,3.45,3.51,3.56,3.31,3.36,3.44,2.75,2.89,2.9,2.9,3.02,2.94,2.77,2.88,2.91,3.06,3.07,3.17,2.95,3.08,3.3,2.82,2.97,3.14,2.9,3.05,3.15,2.98,2.99,3.08,2.81,3,3.06,3.07,3.29,3.41,3.13,3.38,3.44,3.44,3.51,3.58,2.86,2.93,3.01,2.8,2.92,2.99,2.94,3,3.03,3.13,3.23,3.33,3.32,3.4,3.49,3.31,3.38,3.44,3.05,3.17,3.2,2.85,2.96,2.99,3.17,3.14,3.15,2.94,3.1,3.11,2.77,2.9,3.05,2.99,3.2,3.19,2.98,3,3.13,2.89,3.05,3.15,3.12,3.2,3.34,2.98,3.04,3.12,3.21,3.15,3.16,3.06,3.16,3.13,2.68,2.63,2.61,2.67,2.67,2.7,2.68,2.69,2.71,2.35,2.39,2.29,2.44,2.53,2.58,2.64,2.62,2.76,2.32,2.41,2.45,2.34,2.38,2.55,2.66,2.53,2.51,2.21,2.32,2.34,2.3,2.29,2.32,2.3,2.24,2.3,2.33,2.16,2.26,2.43,2.36,2.19,2.81,2.7,2.57,1.87,1.74,1.54,1.71,1.8,1.58,1.87,1.88,1.86,1.82,1.9,1.96,1.75,1.86,1.66,2.01,2.04,2.06,1.36,1.56,1.51,1.78,1.84,1.59,1.62,1.55,1.51,1.4,1.4,1.42,1.55,1.54,1.46,1.41,1.51,1.59,1.36,1.42,1.45,1.41,1.47,1.43,1.67,1.72,1.64
51.8,3.02,3.15,3.53,3.64,3.67,3.8,3.75,3.95,4.14,3.45,3.65,3.68,3.62,3.79,3.81,3.63,3.73,3.79,3.05,3.24,3.39,3.35,3.52,3.57,3.49,3.57,3.67,3.37,3.46,3.56,3.63,3.68,3.78,3.79,3.84,3.81,3,3.09,3.11,2.79,2.86,3.01,2.53,2.5,2.75,3.01,3.15,3.27,3.3,3.37,3.39,3.15,3.2,3.27,2.57,2.71,2.73,2.69,2.79,2.72,2.57,2.67,2.69,2.86,2.85,2.93,2.82,2.92,3.12,2.66,2.81,2.95,2.76,2.9,2.96,2.75,2.74,2.82,2.6,2.77,2.81,2.96,3.18,3.31,3,3.25,3.29,3.26,3.32,3.38,2.7,2.78,2.86,2.65,2.77,2.86,2.75,2.82,2.85,3.05,3.13,3.23,3.18,3.25,3.32,3.15,3.21,3.25,2.95,3.06,3.09,2.69,2.79,2.81,2.93,2.91,2.91,2.74,2.89,2.9,2.6,2.73,2.87,2.76,2.95,2.94,2.87,2.87,3,2.74,2.88,2.98,2.89,2.96,3.06,2.76,2.81,2.87,2.89,2.83,2.83,2.88,2.97,2.95,2.45,2.4,2.38,2.46,2.45,2.48,2.47,2.47,2.5,2.16,2.21,2.11,2.23,2.29,2.35,2.45,2.44,2.56,2.23,2.31,2.34,2.2,2.24,2.39,2.46,2.35,2.32,2.09,2.19,2.22,2.24,2.23,2.25,2.23,2.16,2.21,2.33,2.17,2.29,2.37,2.28,2.15,2.76,2.67,2.53,1.8,1.7,1.57,1.72,1.79,1.61,1.84,1.86,1.86,1.87,1.95,2.02,1.73,1.85,1.67,2.02,2.05,2.07,1.49,1.71,1.66,1.92,2.01,1.75,1.78,1.71,1.68,1.62,1.6,1.63,1.76,1.76,1.68,1.61,1.73,1.82,1.57,1.64,1.67,1.6,1.68,1.65,1.89,1.96,1.87
58.9,2.97,3.11,3.48,3.58,3.59,3.7,3.61,3.78,3.95,3.32,3.49,3.52,3.48,3.62,3.63,3.48,3.56,3.59,2.97,3.15,3.29,3.25,3.42,3.44,3.37,3.45,3.52,3.29,3.37,3.45,3.52,3.55,3.63,3.64,3.66,3.63,2.87,2.95,2.97,2.69,2.76,2.92,2.46,2.44,2.68,2.89,3.03,3.12,3.15,3.22,3.24,3.01,3.05,3.1,2.42,2.56,2.58,2.49,2.58,2.53,2.39,2.48,2.49,2.66,2.64,2.7,2.69,2.76,2.94,2.52,2.66,2.78,2.63,2.76,2.77,2.52,2.5,2.57,2.41,2.54,2.57,2.87,3.08,3.22,2.89,3.13,3.16,3.1,3.15,3.18,2.57,2.66,2.73,2.52,2.65,2.75,2.58,2.66,2.69,2.99,3.03,3.14,3.04,3.1,3.16,3.01,3.05,3.08,2.84,2.94,2.97,2.53,2.63,2.64,2.69,2.7,2.68,2.55,2.67,2.69,2.43,2.56,2.69,2.54,2.71,2.69,2.74,2.72,2.87,2.58,2.71,2.81,2.67,2.72,2.78,2.54,2.58,2.63,2.58,2.52,2.51,2.7,2.78,2.77,2.25,2.19,2.17,2.26,2.25,2.27,2.27,2.28,2.31,2,2.04,1.95,2.03,2.08,2.14,2.27,2.27,2.38,2.15,2.23,2.24,2.08,2.12,2.25,2.29,2.18,2.14,1.99,2.07,2.11,2.2,2.18,2.21,2.18,2.1,2.14,2.33,2.2,2.36,2.31,2.21,2.14,2.7,2.63,2.5,1.77,1.71,1.65,1.75,1.82,1.68,1.83,1.87,1.89,1.93,2.03,2.1,1.74,1.87,1.71,2.04,2.08,2.1,1.63,1.89,1.83,2.09,2.2,1.93,1.96,1.9,1.86,1.86,1.84,1.88,2.02,2.01,1.93,1.84,1.97,2.09,1.81,1.89,1.92,1.84,1.93,1.9,2.15,2.24,2.13
66.9,2.95,3.1,3.46,3.54,3.52,3.61,3.48,3.61,3.76,3.19,3.34,3.37,3.36,3.45,3.45,3.32,3.38,3.39,2.91,3.08,3.22,3.17,3.33,3.34,3.26,3.34,3.39,3.24,3.3,3.37,3.41,3.42,3.48,3.48,3.49,3.43,2.77,2.84,2.86,2.64,2.71,2.86,2.44,2.44,2.67,2.8,2.93,2.99,3.02,3.09,3.09,2.89,2.92,2.96,2.3,2.43,2.46,2.33,2.39,2.36,2.25,2.33,2.33,2.48,2.45,2.48,2.56,2.62,2.78,2.41,2.53,2.63,2.52,2.63,2.59,2.32,2.28,2.33,2.23,2.33,2.34,2.82,3.01,3.15,2.82,3.04,3.06,2.96,3,3.01,2.48,2.57,2.64,2.45,2.57,2.68,2.45,2.53,2.56,2.95,2.97,3.07,2.93,2.97,3,2.89,2.91,2.93,2.72,2.81,2.84,2.39,2.49,2.48,2.47,2.5,2.45,2.38,2.48,2.5,2.27,2.42,2.53,2.34,2.49,2.46,2.62,2.59,2.73,2.43,2.55,2.65,2.46,2.5,2.52,2.35,2.37,2.4,2.29,2.23,2.2,2.54,2.61,2.6,2.07,2.01,1.99,2.09,2.08,2.1,2.1,2.12,2.14,1.86,1.91,1.83,1.86,1.9,1.96,2.12,2.12,2.22,2.11,2.17,2.17,1.99,2.04,2.14,2.13,2.05,1.99,1.92,1.98,2.03,2.19,2.17,2.19,2.14,2.08,2.09,2.35,2.27,2.48,2.25,2.16,2.16,2.63,2.58,2.48,1.77,1.78,1.78,1.81,1.89,1.79,1.85,1.92,1.97,2,2.13,2.21,1.77,1.93,1.79,2.08,2.14,2.17,1.79,2.08,2.02,2.27,2.43,2.13,2.16,2.11,2.07,2.14,2.11,2.17,2.32,2.3,2.22,2.1,2.23,2.39,2.08,2.18,2.21,2.11,2.22,2.2,2.45,2.56,2.44
76,2.99,3.14,3.47,3.52,3.47,3.54,3.35,3.44,3.56,3.09,3.21,3.22,3.24,3.3,3.28,3.19,3.22,3.21,2.89,3.04,3.19,3.11,3.26,3.27,3.16,3.25,3.27,3.22,3.27,3.3,3.32,3.29,3.33,3.32,3.3,3.24,2.72,2.77,2.79,2.63,2.71,2.85,2.5,2.51,2.74,2.73,2.86,2.89,2.91,2.97,2.97,2.81,2.82,2.83,2.23,2.35,2.38,2.2,2.24,2.23,2.16,2.21,2.2,2.32,2.28,2.27,2.46,2.5,2.65,2.34,2.44,2.5,2.43,2.52,2.43,2.14,2.08,2.11,2.08,2.14,2.13,2.82,2.98,3.12,2.81,2.99,3,2.86,2.88,2.85,2.44,2.53,2.59,2.42,2.53,2.65,2.36,2.44,2.47,2.95,2.94,3.03,2.84,2.87,2.87,2.8,2.8,2.8,2.6,2.69,2.7,2.27,2.36,2.34,2.27,2.31,2.25,2.24,2.31,2.34,2.14,2.3,2.4,2.17,2.29,2.26,2.51,2.47,2.61,2.29,2.42,2.51,2.29,2.32,2.29,2.18,2.18,2.21,2.03,1.97,1.93,2.39,2.46,2.46,1.94,1.87,1.86,1.95,1.94,1.96,1.96,1.99,2.01,1.76,1.81,1.75,1.73,1.76,1.82,2,2,2.09,2.09,2.14,2.13,1.93,1.98,2.05,2.01,1.94,1.87,1.88,1.92,1.97,2.19,2.18,2.2,2.13,2.08,2.08,2.38,2.37,2.63,2.19,2.15,2.22,2.55,2.52,2.48,1.81,1.89,1.94,1.88,2.02,1.95,1.91,2,2.09,2.09,2.27,2.35,1.84,2.03,1.9,2.15,2.22,2.26,1.95,2.28,2.23,2.47,2.68,2.35,2.38,2.34,2.29,2.44,2.4,2.48,2.65,2.62,2.53,2.37,2.53,2.71,2.37,2.49,2.54,2.42,2.56,2.54,2.78,2.91,2.78
86.4,3.08,3.22,3.52,3.53,3.43,3.49,3.21,3.26,3.37,3.01,3.09,3.08,3.14,3.16,3.11,3.05,3.06,3.02,2.9,3.05,3.18,3.09,3.22,3.23,3.09,3.17,3.16,3.23,3.26,3.26,3.22,3.17,3.18,3.15,3.12,3.05,2.69,2.74,2.75,2.68,2.76,2.89,2.63,2.65,2.88,2.7,2.82,2.81,2.82,2.86,2.86,2.76,2.74,2.73,2.21,2.31,2.33,2.1,2.13,2.11,2.09,2.12,2.11,2.18,2.13,2.09,2.38,2.41,2.54,2.3,2.39,2.4,2.35,2.4,2.28,1.98,1.9,1.91,1.96,1.98,1.94,2.86,2.99,3.1,2.85,2.97,2.96,2.78,2.77,2.7,2.43,2.51,2.56,2.45,2.54,2.64,2.32,2.37,2.41,2.99,2.95,3.02,2.76,2.78,2.74,2.74,2.72,2.7,2.5,2.58,2.56,2.17,2.25,2.21,2.09,2.13,2.06,2.13,2.18,2.2,2.05,2.22,2.3,2.03,2.13,2.08,2.43,2.37,2.5,2.18,2.32,2.41,2.14,2.16,2.1,2.05,2.03,2.04,1.8,1.73,1.69,2.28,2.34,2.33,1.84,1.77,1.76,1.84,1.83,1.85,1.87,1.9,1.9,1.69,1.75,1.7,1.62,1.65,1.7,1.92,1.91,1.99,2.08,2.12,2.11,1.89,1.94,1.99,1.92,1.87,1.78,1.86,1.9,1.93,2.21,2.2,2.24,2.13,2.1,2.09,2.41,2.49,2.82,2.13,2.15,2.3,2.44,2.44,2.48,1.9,2.05,2.14,1.97,2.18,2.13,1.97,2.12,2.25,2.18,2.41,2.52,1.93,2.17,2.05,2.23,2.31,2.38,2.13,2.48,2.44,2.68,2.95,2.58,2.61,2.57,2.52,2.74,2.72,2.82,2.99,2.97,2.87,2.66,2.83,3.04,2.67,2.82,2.88,2.76,2.92,2.89,3.13,3.28,3.14
98.1,3.24,3.34,3.59,3.53,3.4,3.43,3.06,3.07,3.16,2.93,2.97,2.92,3.03,3,2.92,2.92,2.9,2.84,2.94,3.07,3.18,3.08,3.18,3.22,3.02,3.08,3.04,3.26,3.26,3.22,3.12,3.04,3.02,2.97,2.92,2.85,2.69,2.71,2.72,2.76,2.84,2.94,2.84,2.84,3.07,2.7,2.79,2.75,2.74,2.75,2.75,2.71,2.66,2.62,2.23,2.3,2.3,2.02,2.04,2.01,2.05,2.05,2.04,2.06,1.98,1.91,2.34,2.35,2.46,2.3,2.35,2.31,2.28,2.29,2.15,1.84,1.73,1.71,1.85,1.84,1.76,2.94,3.04,3.09,2.92,2.96,2.95,2.7,2.66,2.55,2.46,2.52,2.55,2.5,2.56,2.64,2.29,2.32,2.36,3.05,2.98,3.03,2.7,2.69,2.61,2.68,2.66,2.6,2.42,2.48,2.41,2.1,2.15,2.09,1.93,1.96,1.88,2.07,2.08,2.08,2.02,2.17,2.24,1.93,1.98,1.92,2.37,2.31,2.41,2.12,2.26,2.35,2.01,2.02,1.93,1.95,1.91,1.91,1.6,1.52,1.47,2.19,2.24,2.21,1.77,1.68,1.68,1.76,1.75,1.77,1.81,1.84,1.83,1.65,1.72,1.66,1.54,1.58,1.61,1.87,1.84,1.92,2.08,2.12,2.13,1.88,1.91,1.95,1.85,1.81,1.72,1.87,1.91,1.92,2.24,2.24,2.28,2.13,2.12,2.11,2.44,2.61,3.02,2.05,2.18,2.39,2.33,2.34,2.47,2.02,2.24,2.35,2.04,2.37,2.34,2.05,2.24,2.41,2.28,2.57,2.7,2.05,2.33,2.22,2.32,2.41,2.53,2.31,2.68,2.66,2.89,3.2,2.81,2.84,2.8,2.75,3.04,3.04,3.16,3.34,3.32,3.21,2.93,3.14,3.37,2.98,3.14,3.24,3.1,3.28,3.25,3.49,3.64,3.51
111,3.44,3.47,3.66,3.51,3.36,3.36,2.88,2.86,2.92,2.84,2.84,2.75,2.9,2.84,2.72,2.77,2.73,2.64,2.99,3.1,3.17,3.08,3.14,3.21,2.95,2.98,2.91,3.29,3.25,3.16,3,2.88,2.83,2.76,2.7,2.63,2.68,2.68,2.69,2.87,2.93,3.01,3.09,3.06,3.28,2.7,2.76,2.69,2.66,2.62,2.63,2.67,2.56,2.5,2.28,2.31,2.29,1.95,1.96,1.9,2,1.98,1.97,1.93,1.83,1.75,2.35,2.3,2.38,2.32,2.32,2.23,2.22,2.16,2.02,1.71,1.56,1.51,1.74,1.7,1.6,3.03,3.09,3.06,2.99,2.95,2.92,2.61,2.53,2.38,2.49,2.51,2.52,2.57,2.58,2.63,2.28,2.26,2.29,3.13,3.02,3.03,2.62,2.59,2.47,2.63,2.58,2.5,2.35,2.39,2.26,2.03,2.05,1.99,1.78,1.77,1.7,2.02,2.02,1.97,2.04,2.15,2.19,1.85,1.86,1.78,2.35,2.28,2.34,2.12,2.24,2.31,1.89,1.88,1.79,1.88,1.8,1.81,1.41,1.32,1.27,2.13,2.17,2.11,1.71,1.61,1.61,1.71,1.68,1.71,1.78,1.8,1.77,1.64,1.72,1.64,1.48,1.52,1.52,1.85,1.79,1.88,2.08,2.13,2.16,1.87,1.9,1.93,1.81,1.76,1.67,1.9,1.96,1.92,2.28,2.29,2.33,2.13,2.13,2.15,2.45,2.72,3.22,1.97,2.23,2.49,2.21,2.23,2.46,2.14,2.43,2.56,2.11,2.56,2.53,2.11,2.35,2.57,2.36,2.71,2.88,2.18,2.51,2.4,2.41,2.51,2.68,2.48,2.87,2.87,3.08,3.43,3.03,3.06,3.02,2.97,3.32,3.35,3.48,3.67,3.68,3.54,3.19,3.44,3.67,3.28,3.43,3.58,3.43,3.64,3.59,3.83,3.97,3.87
127,3.67,3.58,3.71,3.45,3.28,3.24,2.66,2.62,2.66,2.73,2.69,2.54,2.73,2.64,2.49,2.61,2.54,2.43,3.04,3.11,3.11,3.07,3.07,3.16,2.87,2.84,2.74,3.28,3.19,3.06,2.84,2.69,2.61,2.53,2.47,2.4,2.64,2.63,2.62,2.98,3.01,3.05,3.36,3.26,3.47,2.71,2.71,2.62,2.57,2.47,2.48,2.59,2.44,2.37,2.34,2.32,2.26,1.87,1.89,1.77,1.95,1.89,1.9,1.8,1.68,1.58,2.39,2.27,2.31,2.34,2.29,2.15,2.16,2.02,1.9,1.58,1.39,1.31,1.64,1.58,1.44,3.11,3.12,2.99,3.04,2.9,2.86,2.48,2.37,2.19,2.51,2.48,2.45,2.63,2.58,2.57,2.26,2.18,2.2,3.19,3.03,3,2.52,2.46,2.31,2.55,2.47,2.36,2.31,2.31,2.11,1.98,1.95,1.88,1.66,1.58,1.51,1.99,1.97,1.88,2.11,2.16,2.17,1.79,1.76,1.66,2.36,2.27,2.27,2.18,2.25,2.31,1.77,1.75,1.67,1.84,1.72,1.74,1.24,1.14,1.09,2.09,2.13,2.01,1.65,1.54,1.54,1.69,1.63,1.66,1.78,1.77,1.72,1.64,1.73,1.61,1.43,1.48,1.44,1.85,1.76,1.87,2.08,2.14,2.21,1.88,1.88,1.93,1.78,1.71,1.63,1.95,2.03,1.95,2.33,2.33,2.39,2.13,2.14,2.19,2.47,2.81,3.39,1.89,2.28,2.57,2.1,2.11,2.43,2.27,2.6,2.76,2.16,2.73,2.72,2.14,2.45,2.71,2.45,2.85,3.04,2.31,2.69,2.57,2.5,2.6,2.83,2.64,3.03,3.07,3.26,3.61,3.25,3.26,3.23,3.2,3.58,3.63,3.77,3.96,4.01,3.85,3.43,3.72,3.93,3.55,3.7,3.89,3.74,3.96,3.9,4.13,4.24,4.18
144,3.88,3.65,3.71,3.33,3.16,3.07,2.42,2.35,2.38,2.58,2.51,2.29,2.54,2.41,2.23,2.41,2.32,2.19,3.06,3.07,3,3.05,2.96,3.06,2.77,2.67,2.54,3.2,3.08,2.9,2.65,2.45,2.35,2.28,2.21,2.16,2.56,2.53,2.5,3.06,3.04,3.04,3.6,3.42,3.59,2.71,2.63,2.53,2.45,2.29,2.3,2.47,2.28,2.2,2.38,2.31,2.21,1.79,1.81,1.64,1.87,1.77,1.8,1.65,1.53,1.43,2.47,2.26,2.21,2.35,2.24,2.06,2.11,1.88,1.77,1.47,1.22,1.12,1.53,1.46,1.3,3.14,3.11,2.86,3.03,2.8,2.75,2.32,2.17,1.97,2.49,2.4,2.34,2.64,2.52,2.46,2.2,2.06,2.07,3.21,2.99,2.92,2.39,2.29,2.12,2.43,2.33,2.19,2.28,2.24,1.98,1.93,1.85,1.78,1.54,1.4,1.33,1.97,1.95,1.8,2.23,2.18,2.16,1.74,1.67,1.56,2.4,2.28,2.22,2.29,2.29,2.31,1.66,1.62,1.56,1.82,1.65,1.68,1.09,0.98,0.95,2.09,2.09,1.91,1.6,1.47,1.46,1.7,1.6,1.62,1.79,1.74,1.69,1.66,1.76,1.57,1.4,1.44,1.36,1.86,1.74,1.87,2.08,2.17,2.27,1.9,1.87,1.95,1.77,1.67,1.61,2.01,2.13,2,2.39,2.38,2.44,2.14,2.13,2.24,2.48,2.88,3.53,1.84,2.35,2.65,2.03,2.02,2.41,2.37,2.74,2.96,2.21,2.87,2.88,2.16,2.51,2.82,2.54,2.97,3.19,2.44,2.86,2.73,2.61,2.69,2.98,2.78,3.19,3.26,3.4,3.76,3.45,3.43,3.41,3.43,3.8,3.88,4.03,4.2,4.3,4.13,3.65,3.97,4.16,3.8,3.93,4.16,4,4.23,4.17,4.38,4.44,4.44
163,4.04,3.64,3.63,3.15,2.98,2.84,2.14,2.06,2.08,2.4,2.29,2.03,2.3,2.16,1.96,2.2,2.09,1.93,3.04,2.98,2.82,2.98,2.79,2.87,2.63,2.46,2.3,3.06,2.89,2.68,2.42,2.19,2.06,2.01,1.94,1.9,2.43,2.38,2.32,3.08,3.01,2.96,3.78,3.48,3.6,2.67,2.51,2.39,2.3,2.08,2.09,2.31,2.08,2,2.38,2.25,2.14,1.68,1.7,1.49,1.78,1.63,1.68,1.5,1.39,1.28,2.57,2.25,2.1,2.33,2.17,1.95,2.06,1.74,1.65,1.35,1.07,0.94,1.42,1.34,1.17,3.11,3.02,2.66,2.93,2.63,2.57,2.11,1.93,1.73,2.43,2.27,2.18,2.6,2.4,2.29,2.11,1.9,1.9,3.16,2.89,2.77,2.23,2.09,1.9,2.27,2.14,1.99,2.27,2.18,1.87,1.89,1.75,1.68,1.44,1.22,1.14,1.95,1.93,1.73,2.38,2.2,2.14,1.69,1.59,1.48,2.45,2.3,2.16,2.45,2.34,2.31,1.55,1.49,1.46,1.83,1.59,1.64,0.94,0.84,0.83,2.1,2.05,1.82,1.53,1.4,1.37,1.72,1.58,1.59,1.8,1.7,1.65,1.7,1.8,1.53,1.39,1.4,1.29,1.88,1.73,1.87,2.1,2.2,2.34,1.94,1.88,1.99,1.77,1.63,1.6,2.08,2.23,2.08,2.46,2.43,2.51,2.16,2.14,2.28,2.52,2.93,3.63,1.84,2.43,2.72,2.01,1.96,2.39,2.45,2.83,3.16,2.29,2.96,3.04,2.17,2.55,2.91,2.65,3.08,3.32,2.57,3.01,2.89,2.72,2.79,3.12,2.92,3.34,3.44,3.52,3.86,3.66,3.58,3.59,3.67,3.99,4.07,4.25,4.38,4.55,4.38,3.83,4.17,4.34,4.02,4.13,4.38,4.22,4.44,4.39,4.57,4.58,4.64
186,4.11,3.55,3.46,2.9,2.75,2.57,1.86,1.77,1.77,2.2,2.05,1.75,2.05,1.87,1.68,1.97,1.84,1.67,2.98,2.81,2.57,2.86,2.57,2.56,2.46,2.21,2.03,2.83,2.63,2.39,2.15,1.9,1.76,1.72,1.66,1.65,2.26,2.18,2.08,3.03,2.88,2.8,3.84,3.42,3.47,2.6,2.34,2.21,2.12,1.85,1.85,2.1,1.85,1.78,2.33,2.14,2.03,1.56,1.55,1.34,1.66,1.47,1.53,1.35,1.26,1.16,2.68,2.23,1.96,2.28,2.06,1.83,2,1.61,1.51,1.24,0.93,0.79,1.3,1.23,1.05,3,2.86,2.39,2.75,2.4,2.31,1.87,1.67,1.48,2.32,2.09,1.99,2.48,2.21,2.06,1.97,1.71,1.7,3.03,2.71,2.56,2.05,1.85,1.66,2.06,1.91,1.76,2.25,2.12,1.78,1.86,1.65,1.59,1.33,1.07,0.98,1.91,1.9,1.66,2.52,2.22,2.12,1.62,1.51,1.41,2.5,2.31,2.09,2.63,2.38,2.29,1.45,1.38,1.35,1.84,1.54,1.61,0.82,0.73,0.76,2.11,2.01,1.73,1.47,1.33,1.27,1.75,1.59,1.56,1.8,1.66,1.61,1.75,1.84,1.49,1.39,1.36,1.22,1.88,1.73,1.87,2.14,2.25,2.39,1.99,1.92,2.04,1.78,1.58,1.59,2.16,2.34,2.19,2.56,2.48,2.57,2.22,2.16,2.34,2.58,2.97,3.69,1.91,2.54,2.8,2.04,1.96,2.4,2.5,2.88,3.38,2.42,3.01,3.21,2.17,2.57,2.97,2.77,3.21,3.44,2.69,3.15,3.05,2.85,2.9,3.25,3.04,3.5,3.61,3.62,3.94,3.87,3.71,3.78,3.92,4.17,4.21,4.42,4.51,4.73,4.6,4,4.33,4.49,4.2,4.3,4.53,4.38,4.57,4.57,4.67,4.64,4.76
211,4.05,3.35,3.19,2.61,2.46,2.25,1.59,1.5,1.47,1.97,1.78,1.48,1.78,1.58,1.41,1.73,1.58,1.4,2.86,2.58,2.26,2.68,2.28,2.15,2.24,1.93,1.72,2.52,2.3,2.06,1.86,1.61,1.45,1.45,1.39,1.39,2.04,1.94,1.78,2.9,2.67,2.55,3.77,3.24,3.2,2.48,2.12,1.99,1.9,1.62,1.59,1.85,1.6,1.55,2.2,1.97,1.88,1.43,1.36,1.21,1.54,1.29,1.36,1.21,1.15,1.06,2.76,2.21,1.79,2.19,1.9,1.68,1.94,1.49,1.38,1.13,0.82,0.66,1.18,1.12,0.96,2.81,2.61,2.07,2.47,2.09,1.99,1.59,1.38,1.22,2.15,1.87,1.77,2.29,1.97,1.81,1.79,1.49,1.47,2.8,2.45,2.28,1.84,1.6,1.43,1.82,1.66,1.51,2.21,2.05,1.72,1.83,1.56,1.51,1.22,0.95,0.85,1.85,1.85,1.6,2.63,2.21,2.08,1.54,1.43,1.36,2.52,2.29,2.01,2.79,2.39,2.24,1.35,1.29,1.25,1.84,1.5,1.58,0.71,0.65,0.72,2.11,1.93,1.65,1.4,1.27,1.17,1.78,1.6,1.53,1.78,1.59,1.56,1.81,1.88,1.45,1.41,1.31,1.17,1.87,1.73,1.85,2.23,2.31,2.43,2.06,2,2.09,1.79,1.54,1.59,2.23,2.44,2.32,2.67,2.52,2.63,2.3,2.21,2.39,2.68,3.03,3.69,2.08,2.65,2.89,2.12,2.02,2.44,2.54,2.9,3.63,2.62,3.03,3.4,2.2,2.59,3.03,2.93,3.37,3.55,2.82,3.29,3.21,3,3.03,3.37,3.17,3.69,3.76,3.7,4.01,4.09,3.83,3.97,4.17,4.33,4.29,4.54,4.59,4.84,4.79,4.15,4.43,4.61,4.35,4.44,4.61,4.48,4.64,4.71,4.7,4.63,4.79
240,3.84,3.07,2.83,2.28,2.15,1.92,1.34,1.26,1.19,1.74,1.49,1.23,1.51,1.28,1.15,1.51,1.33,1.14,2.68,2.3,1.92,2.42,1.93,1.64,1.97,1.64,1.4,2.16,1.93,1.7,1.56,1.33,1.17,1.19,1.14,1.15,1.79,1.67,1.46,2.69,2.38,2.24,3.56,2.94,2.81,2.31,1.87,1.74,1.65,1.39,1.32,1.58,1.35,1.31,2.01,1.74,1.7,1.28,1.12,1.09,1.42,1.11,1.17,1.09,1.06,0.98,2.77,2.17,1.61,2.07,1.72,1.52,1.85,1.4,1.24,1.02,0.74,0.58,1.06,1.02,0.87,2.55,2.29,1.73,2.13,1.75,1.62,1.3,1.1,0.97,1.93,1.64,1.55,2.05,1.69,1.55,1.58,1.28,1.25,2.5,2.14,1.95,1.64,1.35,1.21,1.57,1.4,1.26,2.14,1.96,1.68,1.79,1.48,1.44,1.1,0.87,0.75,1.76,1.77,1.54,2.68,2.17,2,1.43,1.33,1.3,2.49,2.24,1.9,2.9,2.35,2.13,1.26,1.22,1.14,1.82,1.45,1.52,0.63,0.62,0.71,2.07,1.82,1.57,1.32,1.22,1.09,1.79,1.61,1.49,1.72,1.51,1.49,1.87,1.9,1.43,1.43,1.26,1.12,1.83,1.75,1.78,2.35,2.38,2.45,2.14,2.11,2.15,1.78,1.5,1.6,2.29,2.5,2.44,2.78,2.56,2.69,2.42,2.3,2.45,2.8,3.09,3.65,2.33,2.78,3,2.23,2.12,2.49,2.58,2.93,3.92,2.9,3.04,3.61,2.28,2.63,3.09,3.11,3.55,3.66,2.95,3.43,3.39,3.17,3.19,3.47,3.29,3.91,3.9,3.78,4.09,4.3,3.94,4.17,4.42,4.47,4.31,4.63,4.64,4.86,4.95,4.27,4.48,4.69,4.44,4.55,4.62,4.52,4.63,4.8,4.64,4.57,4.75
272,3.51,2.71,2.41,1.94,1.82,1.58,1.12,1.06,0.94,1.52,1.21,1.02,1.25,0.99,0.92,1.3,1.09,0.89,2.46,1.98,1.56,2.08,1.54,1.1,1.67,1.35,1.08,1.78,1.55,1.35,1.27,1.09,0.92,0.96,0.91,0.91,1.54,1.38,1.14,2.41,2.03,1.88,3.22,2.56,2.32,2.08,1.6,1.46,1.38,1.18,1.06,1.32,1.13,1.08,1.76,1.46,1.5,1.12,0.84,0.99,1.31,0.95,0.98,0.98,1,0.91,2.71,2.1,1.43,1.91,1.51,1.34,1.74,1.32,1.09,0.89,0.69,0.52,0.96,0.92,0.78,2.26,1.91,1.39,1.76,1.38,1.23,1.01,0.84,0.73,1.69,1.41,1.35,1.77,1.42,1.3,1.37,1.08,1.04,2.15,1.8,1.61,1.44,1.13,1.02,1.32,1.15,1.03,2.03,1.85,1.65,1.75,1.41,1.37,0.95,0.83,0.7,1.66,1.64,1.47,2.63,2.08,1.88,1.31,1.21,1.23,2.41,2.15,1.77,2.91,2.25,1.96,1.18,1.18,1.03,1.76,1.4,1.42,0.57,0.62,0.71,1.98,1.67,1.49,1.24,1.19,1.03,1.74,1.61,1.44,1.63,1.42,1.41,1.93,1.9,1.44,1.45,1.19,1.08,1.76,1.76,1.67,2.49,2.43,2.42,2.22,2.25,2.18,1.76,1.46,1.6,2.32,2.51,2.53,2.86,2.57,2.71,2.55,2.41,2.49,2.93,3.17,3.55,2.64,2.9,3.12,2.36,2.25,2.56,2.65,2.96,4.21,3.25,3.07,3.82,2.41,2.68,3.16,3.31,3.77,3.77,3.09,3.57,3.56,3.36,3.37,3.55,3.42,4.16,4.01,3.85,4.18,4.5,4.04,4.36,4.64,4.6,4.28,4.68,4.64,4.81,5.07,4.35,4.46,4.73,4.49,4.64,4.57,4.52,4.57,4.85,4.51,4.48,4.62
310,3.06,2.32,1.96,1.61,1.51,1.27,0.94,0.92,0.72,1.32,0.95,0.85,1.02,0.72,0.72,1.11,0.87,0.67,2.2,1.65,1.22,1.68,1.14,0.56,1.34,1.06,0.78,1.41,1.2,1.03,1,0.9,0.72,0.77,0.71,0.69,1.29,1.1,0.84,2.08,1.67,1.5,2.78,2.14,1.81,1.81,1.33,1.17,1.12,0.97,0.82,1.08,0.93,0.88,1.48,1.17,1.27,0.97,0.55,0.89,1.2,0.8,0.79,0.91,0.95,0.85,2.54,2,1.25,1.73,1.3,1.14,1.61,1.24,0.96,0.74,0.67,0.48,0.88,0.82,0.7,1.94,1.51,1.09,1.4,1.02,0.85,0.73,0.61,0.52,1.44,1.21,1.17,1.49,1.17,1.08,1.15,0.92,0.87,1.78,1.47,1.28,1.26,0.94,0.87,1.1,0.94,0.84,1.89,1.71,1.62,1.69,1.33,1.31,0.77,0.79,0.68,1.54,1.46,1.39,2.48,1.95,1.71,1.17,1.05,1.13,2.27,2.03,1.63,2.81,2.08,1.76,1.1,1.14,0.91,1.66,1.34,1.28,0.54,0.64,0.71,1.82,1.46,1.4,1.15,1.17,1,1.64,1.56,1.38,1.49,1.31,1.31,1.97,1.86,1.48,1.45,1.13,1.05,1.64,1.75,1.5,2.64,2.46,2.36,2.28,2.4,2.17,1.7,1.43,1.61,2.32,2.48,2.57,2.9,2.56,2.69,2.67,2.54,2.52,3.05,3.23,3.38,2.98,3.01,3.22,2.45,2.37,2.61,2.75,3.02,4.47,3.62,3.11,4.02,2.6,2.74,3.23,3.52,3.97,3.85,3.23,3.7,3.73,3.54,3.53,3.59,3.56,4.4,4.08,3.91,4.27,4.64,4.13,4.54,4.81,4.7,4.2,4.68,4.6,4.69,5.12,4.39,4.39,4.72,4.48,4.68,4.46,4.47,4.46,4.83,4.33,4.34,4.42
352,2.55,1.94,1.5,1.31,1.25,1,0.81,0.83,0.53,1.13,0.71,0.7,0.83,0.48,0.54,0.94,0.66,0.47,1.91,1.34,0.91,1.24,0.75,0.02,1.01,0.78,0.51,1.09,0.9,0.77,0.78,0.76,0.56,0.62,0.53,0.48,1.06,0.83,0.6,1.74,1.33,1.12,2.29,1.73,1.33,1.52,1.07,0.88,0.87,0.79,0.59,0.88,0.79,0.72,1.19,0.88,1.04,0.81,0.26,0.78,1.08,0.68,0.62,0.86,0.91,0.77,2.26,1.85,1.09,1.55,1.1,0.93,1.45,1.15,0.83,0.57,0.65,0.43,0.84,0.72,0.6,1.63,1.11,0.84,1.07,0.7,0.51,0.49,0.41,0.3,1.2,1.04,1,1.23,0.96,0.89,0.96,0.8,0.74,1.42,1.17,1,1.1,0.81,0.76,0.92,0.77,0.69,1.71,1.53,1.57,1.61,1.26,1.25,0.57,0.76,0.67,1.42,1.23,1.27,2.24,1.77,1.49,1.04,0.86,0.99,2.08,1.89,1.48,2.58,1.87,1.53,1.02,1.09,0.79,1.5,1.26,1.1,0.51,0.67,0.68,1.58,1.22,1.29,1.05,1.16,0.99,1.45,1.46,1.28,1.32,1.2,1.2,1.97,1.77,1.55,1.43,1.06,1.02,1.49,1.7,1.27,2.74,2.44,2.25,2.31,2.52,2.1,1.61,1.4,1.62,2.28,2.39,2.52,2.87,2.5,2.62,2.74,2.65,2.51,3.12,3.25,3.14,3.26,3.06,3.27,2.5,2.45,2.63,2.89,3.11,4.63,3.98,3.18,4.14,2.83,2.81,3.29,3.7,4.14,3.9,3.36,3.81,3.85,3.69,3.65,3.59,3.71,4.62,4.12,3.96,4.33,4.7,4.2,4.65,4.89,4.75,4.1,4.62,4.52,4.5,5.1,4.37,4.27,4.65,4.42,4.66,4.32,4.38,4.31,4.74,4.11,4.18,4.18
400,2.02,1.59,1.08,1.04,1.03,0.78,0.72,0.77,0.36,0.97,0.51,0.58,0.66,0.25,0.36,0.77,0.47,0.27,1.6,1.06,0.66,0.8,0.36,0,0.68,0.53,0.24,0.83,0.67,0.58,0.61,0.66,0.43,0.5,0.39,0.27,0.84,0.6,0.43,1.4,1.03,0.78,1.79,1.38,0.93,1.22,0.85,0.62,0.66,0.62,0.4,0.72,0.68,0.59,0.93,0.64,0.8,0.65,0,0.64,0.95,0.59,0.46,0.82,0.86,0.66,1.9,1.66,0.94,1.37,0.93,0.71,1.27,1.03,0.71,0.4,0.63,0.37,0.83,0.61,0.48,1.33,0.74,0.64,0.8,0.44,0.17,0.24,0.21,0.09,0.99,0.9,0.84,1,0.81,0.75,0.79,0.72,0.64,1.11,0.94,0.78,0.95,0.71,0.66,0.78,0.64,0.58,1.5,1.32,1.48,1.5,1.17,1.18,0.36,0.69,0.65,1.28,0.97,1.12,1.92,1.56,1.24,0.92,0.65,0.8,1.85,1.74,1.34,2.25,1.63,1.29,0.93,1,0.65,1.29,1.15,0.88,0.49,0.69,0.61,1.29,0.94,1.14,0.93,1.13,1,1.2,1.28,1.14,1.12,1.08,1.08,1.9,1.65,1.64,1.37,0.99,0.98,1.3,1.6,0.99,2.76,2.35,2.1,2.28,2.57,1.97,1.49,1.38,1.62,2.21,2.26,2.37,2.73,2.4,2.47,2.73,2.7,2.44,3.11,3.22,2.83,3.44,3.04,3.23,2.47,2.47,2.57,3.06,3.2,4.64,4.24,3.27,4.16,3.07,2.85,3.31,3.84,4.22,3.9,3.47,3.87,3.92,3.78,3.71,3.53,3.86,4.76,4.12,4,4.33,4.66,4.24,4.67,4.87,4.71,3.99,4.5,4.39,4.27,4.97,4.28,4.12,4.49,4.33,4.57,4.16,4.26,4.13,4.57,3.88,4,3.9
454,1.53,1.3,0.71,0.82,0.85,0.62,0.67,0.73,0.2,0.82,0.35,0.47,0.52,0.01,0.18,0.6,0.29,0.07,1.29,0.82,0.46,0.35,0,0,0.35,0.27,0,0.64,0.51,0.45,0.49,0.57,0.32,0.41,0.26,0.06,0.64,0.39,0.32,1.09,0.81,0.48,1.31,1.09,0.63,0.93,0.65,0.4,0.48,0.45,0.21,0.6,0.61,0.49,0.72,0.45,0.57,0.49,0,0.48,0.78,0.5,0.33,0.77,0.78,0.52,1.48,1.41,0.8,1.2,0.79,0.5,1.06,0.87,0.6,0.23,0.58,0.28,0.85,0.49,0.35,1.04,0.42,0.5,0.58,0.25,0,0,0.01,0,0.8,0.79,0.67,0.82,0.7,0.64,0.65,0.65,0.55,0.85,0.78,0.62,0.81,0.63,0.57,0.67,0.54,0.49,1.29,1.08,1.34,1.34,1.06,1.09,0.16,0.58,0.59,1.15,0.7,0.93,1.56,1.32,0.95,0.82,0.44,0.57,1.6,1.59,1.22,1.83,1.37,1.07,0.84,0.87,0.49,1.05,1.02,0.64,0.46,0.67,0.49,0.96,0.66,0.96,0.79,1.08,1.01,0.89,1.04,0.96,0.9,0.95,0.94,1.75,1.47,1.71,1.26,0.91,0.91,1.07,1.42,0.69,2.67,2.18,1.91,2.18,2.49,1.78,1.33,1.36,1.63,2.1,2.08,2.13,2.49,2.25,2.25,2.61,2.65,2.3,3.02,3.09,2.46,3.45,2.92,3.1,2.35,2.41,2.43,3.21,3.29,4.46,4.34,3.34,4.05,3.27,2.86,3.27,3.92,4.15,3.8,3.53,3.84,3.9,3.77,3.66,3.41,4,4.78,4.08,4,4.23,4.49,4.22,4.58,4.75,4.56,3.88,4.3,4.19,4.02,4.72,4.1,3.95,4.25,4.19,4.38,4,4.12,3.94,4.3,3.65,3.79,3.63
516,1.09,1.08,0.42,0.62,0.71,0.49,0.65,0.67,0.04,0.67,0.18,0.36,0.4,0,0.01,0.43,0.1,0,0.98,0.62,0.32,0,0,0,0.03,0.02,0,0.5,0.41,0.35,0.41,0.49,0.22,0.33,0.15,0,0.46,0.18,0.26,0.79,0.65,0.19,0.88,0.9,0.44,0.67,0.48,0.17,0.33,0.27,0.02,0.5,0.55,0.41,0.55,0.31,0.34,0.33,0,0.3,0.59,0.42,0.19,0.7,0.68,0.35,1.04,1.11,0.67,1.03,0.67,0.28,0.84,0.68,0.5,0.06,0.49,0.18,0.88,0.37,0.22,0.77,0.11,0.38,0.42,0.05,0,0,0,0,0.62,0.68,0.49,0.67,0.62,0.53,0.5,0.58,0.46,0.65,0.66,0.51,0.66,0.56,0.47,0.57,0.45,0.42,1.06,0.83,1.14,1.13,0.92,0.97,0,0.43,0.49,1,0.42,0.7,1.19,1.06,0.65,0.75,0.24,0.34,1.35,1.43,1.11,1.37,1.1,0.86,0.74,0.69,0.32,0.78,0.85,0.4,0.41,0.6,0.33,0.62,0.38,0.75,0.63,0.98,0.99,0.57,0.75,0.75,0.67,0.8,0.79,1.52,1.25,1.74,1.11,0.82,0.81,0.81,1.17,0.39,2.44,1.94,1.68,2,2.28,1.52,1.14,1.34,1.61,1.98,1.86,1.81,2.15,2.05,1.96,2.37,2.48,2.07,2.82,2.85,2.04,3.24,2.69,2.85,2.12,2.25,2.18,3.3,3.32,4.07,4.26,3.36,3.81,3.38,2.83,3.12,3.92,3.93,3.6,3.53,3.7,3.78,3.65,3.49,3.21,4.11,4.64,3.99,3.94,4,4.21,4.13,4.35,4.5,4.29,3.77,4.02,3.92,3.74,4.35,3.86,3.77,3.91,4.02,4.1,3.83,3.94,3.71,3.95,3.42,3.53,3.35
586,0.73,0.93,0.12,0.46,0.57,0.39,0.66,0.6,0,0.51,0.02,0.24,0.3,0,0,0.26,0,0,0.71,0.44,0.21,0,0,0,0,0,0,0.4,0.33,0.27,0.35,0.39,0.13,0.25,0.07,0,0.27,0,0.23,0.53,0.54,0,0.52,0.78,0.35,0.44,0.33,0,0.18,0.1,0,0.41,0.49,0.33,0.41,0.21,0.11,0.18,0,0.11,0.39,0.33,0.06,0.6,0.54,0.19,0.63,0.8,0.54,0.84,0.56,0.06,0.62,0.46,0.39,0,0.37,0.08,0.89,0.24,0.09,0.51,0,0.28,0.29,0,0,0,0,0,0.45,0.57,0.3,0.54,0.53,0.43,0.35,0.49,0.35,0.49,0.58,0.43,0.51,0.47,0.35,0.48,0.37,0.33,0.83,0.57,0.89,0.87,0.75,0.81,0,0.26,0.35,0.83,0.14,0.47,0.83,0.8,0.36,0.7,0.09,0.12,1.11,1.26,1.01,0.92,0.83,0.67,0.64,0.48,0.16,0.51,0.66,0.16,0.32,0.48,0.17,0.29,0.1,0.52,0.46,0.83,0.92,0.25,0.46,0.52,0.43,0.62,0.61,1.21,1,1.72,0.91,0.7,0.67,0.55,0.86,0.1,2.08,1.62,1.42,1.75,1.92,1.21,0.92,1.3,1.56,1.82,1.6,1.45,1.74,1.81,1.61,2,2.17,1.76,2.52,2.52,1.59,2.84,2.34,2.49,1.79,2.01,1.82,3.27,3.26,3.49,3.97,3.28,3.44,3.36,2.73,2.86,3.82,3.53,3.27,3.46,3.44,3.56,3.39,3.22,2.93,4.16,4.35,3.85,3.81,3.64,3.83,3.94,4,4.16,3.9,3.65,3.64,3.58,3.43,3.85,3.56,3.57,3.47,3.81,3.74,3.63,3.72,3.45,3.51,3.15,3.2,3.08
666,0.45,0.81,0,0.34,0.44,0.28,0.68,0.5,0,0.36,0,0.14,0.2,0,0,0.09,0,0,0.47,0.29,0.1,0,0,0,0,0,0,0.31,0.26,0.19,0.3,0.28,0,0.16,0,0,0.09,0,0.2,0.26,0.46,0,0.17,0.73,0.32,0.21,0.2,0,0.04,0,0,0.32,0.41,0.25,0.31,0.15,0,0.02,0,0,0.19,0.23,0,0.46,0.38,0.06,0.22,0.48,0.41,0.65,0.44,0,0.39,0.25,0.28,0,0.23,0,0.86,0.11,0,0.26,0,0.18,0.16,0,0,0,0,0,0.27,0.44,0.11,0.41,0.43,0.31,0.2,0.38,0.24,0.37,0.49,0.36,0.36,0.37,0.23,0.38,0.27,0.24,0.61,0.31,0.62,0.6,0.56,0.63,0,0.09,0.2,0.66,0,0.23,0.52,0.55,0.07,0.65,0,0,0.86,1.08,0.91,0.52,0.58,0.5,0.54,0.27,0,0.25,0.46,0,0.22,0.32,0,0,0,0.29,0.29,0.64,0.81,0,0.16,0.28,0.19,0.42,0.43,0.87,0.75,1.61,0.69,0.56,0.51,0.29,0.54,0,1.63,1.27,1.14,1.46,1.46,0.87,0.68,1.24,1.45,1.65,1.31,1.08,1.28,1.52,1.24,1.54,1.77,1.4,2.13,2.1,1.14,2.27,1.9,2.06,1.38,1.7,1.39,3.09,3.07,2.77,3.52,3.07,3,3.2,2.59,2.51,3.6,2.99,2.8,3.3,3.04,3.25,3.01,2.84,2.57,4.12,3.9,3.65,3.57,3.16,3.38,3.65,3.54,3.72,3.42,3.49,3.19,3.18,3.09,3.25,3.23,3.34,2.97,3.55,3.32,3.38,3.44,3.13,3.03,2.85,2.81,2.79
756,0.16,0.72,0,0.23,0.3,0.18,0.7,0.4,0,0.21,0,0,0.12,0,0,0,0,0,0.28,0.14,0,0,0,0,0,0,0,0.22,0.18,0.11,0.25,0.16,0,0.08,0,0,0,0,0.16,0,0.38,0,0,0.71,0.32,0,0.09,0,0,0,0,0.22,0.33,0.17,0.22,0.09,0,0,0,0,0,0.14,0,0.31,0.23,0,0,0.16,0.28,0.45,0.32,0,0.16,0.03,0.17,0,0.09,0,0.77,0,0,0.01,0,0.09,0.04,0,0,0,0,0,0.1,0.3,0,0.3,0.32,0.2,0.06,0.25,0.12,0.27,0.39,0.27,0.21,0.25,0.1,0.27,0.17,0.15,0.41,0.06,0.35,0.32,0.38,0.45,0,0,0.07,0.47,0,0,0.2,0.29,0,0.58,0,0,0.63,0.89,0.79,0.13,0.36,0.35,0.45,0.05,0,0,0.25,0,0.11,0.16,0,0,0,0.06,0.12,0.42,0.65,0,0,0.05,0,0.24,0.24,0.52,0.5,1.43,0.47,0.4,0.33,0.03,0.21,0,1.16,0.91,0.85,1.16,0.96,0.54,0.45,1.15,1.28,1.45,1,0.74,0.83,1.21,0.88,1.06,1.3,1.01,1.69,1.64,0.73,1.64,1.4,1.58,0.95,1.35,0.94,2.75,2.73,2.01,2.95,2.73,2.5,2.88,2.39,2.07,3.27,2.37,2.23,3.07,2.55,2.87,2.53,2.39,2.14,3.98,3.36,3.39,3.24,2.6,2.9,3.27,3.01,3.2,2.9,3.26,2.69,2.73,2.69,2.59,2.89,3.06,2.44,3.22,2.86,3.06,3.11,2.77,2.52,2.49,2.36,2.47
859,0,0.62,0,0.15,0.17,0.07,0.71,0.29,0,0.06,0,0,0,0,0,0,0,0,0.1,0,0,0,0,0,0,0,0,0.14,0.1,0,0.18,0.07,0,0,0,0,0,0,0.11,0,0.29,0,0,0.7,0.31,0,0,0,0,0,0,0.14,0.23,0.09,0.14,0,0,0,0,0,0,0.06,0,0.17,0.07,0,0,0,0.16,0.25,0.2,0,0,0,0.08,0,0,0,0.63,0,0,0,0,0,0,0,0,0,0,0,0,0.17,0,0.19,0.2,0.09,0,0.12,0,0.17,0.27,0.17,0.05,0.14,0,0.16,0.09,0.07,0.2,0,0.08,0.05,0.22,0.26,0,0,0,0.29,0,0,0,0.04,0,0.49,0,0,0.41,0.7,0.66,0,0.13,0.2,0.37,0,0,0,0.05,0,0,0,0,0,0,0,0,0.2,0.47,0,0,0,0,0.09,0.05,0.17,0.26,1.19,0.24,0.24,0.16,0,0,0,0.71,0.58,0.57,0.88,0.46,0.21,0.21,1.02,1.04,1.24,0.7,0.46,0.38,0.88,0.55,0.57,0.84,0.65,1.23,1.18,0.31,1,0.9,1.11,0.52,0.98,0.49,2.28,2.28,1.3,2.32,2.27,1.99,2.45,2.14,1.6,2.84,1.73,1.61,2.77,2,2.45,2,1.9,1.68,3.74,2.76,3.07,2.82,2.02,2.4,2.81,2.46,2.64,2.38,2.96,2.21,2.26,2.24,1.93,2.56,2.73,1.92,2.84,2.39,2.67,2.71,2.37,2.02,2.09,1.88,2.11
976,0,0.5,0,0.09,0.07,0,0.7,0.21,0,0,0,0,0,0,0,0,0,0,0,0,0,0,0,0,0,0,0,0.07,0,0,0.11,0,0,0,0,0,0,0,0.06,0,0.2,0,0,0.67,0.28,0,0,0,0,0,0,0.06,0.13,0,0.07,0,0,0,0,0,0,0,0,0.06,0,0,0,0,0.03,0.06,0.09,0,0,0,0,0,0,0,0.45,0,0,0,0,0,0,0,0,0,0,0,0,0.06,0,0.09,0.09,0,0,0,0,0.06,0.16,0.08,0,0,0,0.07,0,0,0,0,0,0,0.09,0.08,0,0,0,0.11,0,0,0,0,0,0.39,0,0,0.19,0.51,0.51,0,0,0.04,0.3,0,0,0,0,0,0,0,0,0,0,0,0,0,0.29,0,0,0,0,0,0,0,0.02,0.9,0.02,0.08,0,0,0,0,0.26,0.25,0.29,0.65,0,0,0,0.87,0.77,1.02,0.39,0.26,0,0.58,0.22,0.09,0.38,0.28,0.8,0.77,0,0.37,0.41,0.69,0.09,0.63,0.04,1.74,1.75,0.58,1.69,1.75,1.5,1.97,1.84,1.16,2.34,1.14,1.03,2.4,1.47,2.02,1.49,1.41,1.23,3.41,2.18,2.69,2.35,1.46,1.91,2.31,1.95,2.07,1.9,2.59,1.77,1.78,1.77,1.33,2.25,2.34,1.45,2.4,1.93,2.2,2.27,1.95,1.57,1.67,1.41,1.71
1110,0,0.37,0,0,0,0,0.65,0.14,0,0,0,0,0,0,0,0,0,0,0,0,0,0,0,0,0,0,0,0,0,0,0,0,0,0,0,0,0,0,0,0,0.11,0,0,0.6,0.21,0,0,0,0,0,0,0,0,0,0,0,0,0,0,0,0,0,0,0,0,0,0,0,0,0,0,0,0,0,0,0,0,0,0.27,0,0,0,0,0,0,0,0,0,0,0,0,0,0,0,0,0,0,0,0,0,0.06,0,0,0,0,0,0,0,0,0,0,0,0,0,0,0,0,0,0,0,0,0,0,0.27,0,0,0,0.32,0.34,0,0,0,0.25,0,0,0,0,0,0,0,0,0,0,0,0,0,0.11,0,0,0,0,0,0,0,0,0.61,0,0,0,0,0,0,0,0,0.02,0.47,0,0,0,0.68,0.49,0.81,0.09,0.15,0,0.28,0,0,0,0,0.36,0.44,0,0,0,0.27,0,0.28,0,1.2,1.21,0,1.12,1.23,1.07,1.47,1.51,0.78,1.81,0.66,0.45,2,0.98,1.59,1.04,0.96,0.82,3.03,1.65,2.27,1.86,0.97,1.46,1.82,1.49,1.51,1.5,2.16,1.41,1.33,1.3,0.84,1.96,1.91,1.07,1.95,1.51,1.7,1.82,1.54,1.18,1.26,0.98,1.3
1260,0,0.24,0,0,0,0,0.59,0.1,0,0,0,0,0,0,0,0,0,0,0,0,0,0,0,0,0,0,0,0,0,0,0,0,0,0,0,0,0,0,0,0,0,0,0,0.5,0.14,0,0,0,0,0,0,0,0,0,0,0,0,0,0,0,0,0,0,0,0,0,0,0,0,0,0,0,0,0,0,0,0,0,0.09,0,0,0,0,0,0,0,0,0,0,0,0,0,0,0,0,0,0,0,0,0,0,0,0,0,0,0,0,0,0,0,0,0,0,0,0,0,0,0,0,0,0,0,0,0.16,0,0,0,0.12,0.19,0,0,0,0.22,0,0,0,0,0,0,0,0,0,0,0,0,0,0,0,0,0,0,0,0,0,0,0.31,0,0,0,0,0,0,0,0,0,0.33,0,0,0,0.5,0.21,0.62,0,0.09,0,0,0,0,0,0,0,0.1,0,0,0,0,0,0,0,0.67,0.66,0,0.54,0.71,0.7,1.02,1.17,0.47,1.28,0.18,0,1.6,0.59,1.2,0.67,0.59,0.41,2.61,1.21,1.83,1.38,0.58,1.05,1.36,1.12,1.02,1.17,1.71,1.12,0.93,0.88,0.47,1.7,1.48,0.78,1.49,1.13,1.19,1.38,1.16,0.87,0.89,0.62,0.88
1430,0,0.11,0,0,0,0,0.51,0.08,0,0,0,0,0,0,0,0,0,0,0,0,0,0,0,0,0,0,0,0,0,0,0,0,0,0,0,0,0,0,0,0,0,0,0,0.4,0.06,0,0,0,0,0,0,0,0,0,0,0,0,0,0,0,0,0,0,0,0,0,0,0,0,0,0,0,0,0,0,0,0,0,0,0,0,0,0,0,0,0,0,0,0,0,0,0,0,0,0,0,0,0,0,0,0,0,0,0,0,0,0,0,0,0,0,0,0,0,0,0,0,0,0,0,0,0,0,0.07,0,0,0,0,0.08,0,0,0,0.19,0,0,0,0,0,0,0,0,0,0,0,0,0,0,0,0,0,0,0,0,0,0,0.02,0,0,0,0,0,0,0,0,0,0.22,0,0,0,0.3,0,0.45,0,0.09,0,0,0,0,0,0,0,0,0,0,0,0,0,0,0,0.13,0.12,0,0,0.18,0.43,0.65,0.82,0.26,0.76,0,0,1.23,0.2,0.87,0.39,0.22,0,2.19,0.86,1.41,0.91,0.19,0.71,0.95,0.82,0.53,0.9,1.29,0.89,0.52,0.45,0.23,1.44,1.05,0.57,1.08,0.82,0.69,0.94,0.83,0.62,0.58,0.26,0.47
1630,0,0,0,0,0,0,0.42,0,0,0,0,0,0,0,0,0,0,0,0,0,0,0,0,0,0,0,0,0,0,0,0,0,0,0,0,0,0,0,0,0,0,0,0,0.3,0,0,0,0,0,0,0,0,0,0,0,0,0,0,0,0,0,0,0,0,0,0,0,0,0,0,0,0,0,0,0,0,0,0,0,0,0,0,0,0,0,0,0,0,0,0,0,0,0,0,0,0,0,0,0,0,0,0,0,0,0,0,0,0,0,0,0,0,0,0,0,0,0,0,0,0,0,0,0,0,0,0,0,0,0,0,0,0,0.16,0,0,0,0,0,0,0,0,0,0,0,0,0,0,0,0,0,0,0,0,0,0,0,0,0,0,0,0,0,0,0,0,0.14,0,0,0,0.11,0,0.32,0,0.09,0,0,0,0,0,0,0,0,0,0,0,0,0,0,0,0,0,0,0,0,0.24,0.27,0.48,0.12,0.23,0,0,0.92,0,0.6,0.12,0,0,1.78,0.58,1.03,0.43,0,0.44,0.63,0.6,0.04,0.69,0.92,0.69,0.12,0.03,0.08,1.2,0.61,0.4,0.74,0.56,0.18,0.49,0.49,0.43,0.27,0,0.06
1850,0,0,0,0,0,0,0.34,0,0,0,0,0,0,0,0,0,0,0,0,0,0,0,0,0,0,0,0,0,0,0,0,0,0,0,0,0,0,0,0,0,0,0,0,0.21,0,0,0,0,0,0,0,0,0,0,0,0,0,0,0,0,0,0,0,0,0,0,0,0,0,0,0,0,0,0,0,0,0,0,0,0,0,0,0,0,0,0,0,0,0,0,0,0,0,0,0,0,0,0,0,0,0,0,0,0,0,0,0,0,0,0,0,0,0,0,0,0,0,0,0,0,0,0,0,0,0,0,0,0,0,0,0,0,0.13,0,0,0,0,0,0,0,0,0,0,0,0,0,0,0,0,0,0,0,0,0,0,0,0,0,0,0,0,0,0,0,0,0.08,0,0,0,0,0,0.21,0,0.09,0,0,0,0,0,0,0,0,0,0,0,0,0,0,0,0,0,0,0,0,0.13,0,0.14,0,0,0,0,0.67,0,0.4,0,0,0,1.41,0.38,0.73,0,0,0.25,0.38,0.42,0,0.52,0.63,0.52,0,0,0,0.98,0.18,0.28,0.47,0.37,0,0.06,0.16,0.28,0,0,0
2100,0,0,0,0,0,0,0.26,0,0,0,0,0,0,0,0,0,0,0,0,0,0,0,0,0,0,0,0,0,0,0,0,0,0,0,0,0,0,0,0,0,0,0,0,0.15,0,0,0,0,0,0,0,0,0,0,0,0,0,0,0,0,0,0,0,0,0,0,0,0,0,0,0,0,0,0,0,0,0,0,0,0,0,0,0,0,0,0,0,0,0,0,0,0,0,0,0,0,0,0,0,0,0,0,0,0,0,0,0,0,0,0,0,0,0,0,0,0,0,0,0,0,0,0,0,0,0,0,0,0,0,0,0,0,0.11,0,0,0,0,0,0,0,0,0,0,0,0,0,0,0,0,0,0,0,0,0,0,0,0,0,0,0,0,0,0,0,0,0,0,0,0,0,0,0.13,0,0.09,0,0,0,0,0,0,0,0,0,0,0,0,0,0,0,0,0,0,0,0,0.06,0,0,0,0,0,0,0.47,0,0.25,0,0,0,1.07,0.24,0.5,0,0,0.06,0.21,0.28,0,0.37,0.41,0.37,0,0,0,0.76,0,0.18,0.28,0.23,0,0,0,0.17,0,0,0
2390,0,0,0,0,0,0,0.19,0,0,0,0,0,0,0,0,0,0,0,0,0,0,0,0,0,0,0,0,0,0,0,0,0,0,0,0,0,0,0,0,0,0,0,0,0.1,0,0,0,0,0,0,0,0,0,0,0,0,0,0,0,0,0,0,0,0,0,0,0,0,0,0,0,0,0,0,0,0,0,0,0,0,0,0,0,0,0,0,0,0,0,0,0,0,0,0,0,0,0,0,0,0,0,0,0,0,0,0,0,0,0,0,0,0,0,0,0,0,0,0,0,0,0,0,0,0,0,0,0,0,0,0,0,0,0.08,0,0,0,0,0,0,0,0,0,0,0,0,0,0,0,0,0,0,0,0,0,0,0,0,0,0,0,0,0,0,0,0,0,0,0,0,0,0,0.08,0,0.07,0,0,0,0,0,0,0,0,0,0,0,0,0,0,0,0,0,0,0,0,0,0,0,0,0,0,0,0.32,0,0.09,0,0,0,0.78,0.09,0.32,0,0,0,0.1,0.17,0,0.25,0.25,0.25,0,0,0,0.56,0,0.09,0.16,0.08,0,0,0,0.09,0,0,0
2710,0,0,0,0,0,0,0.13,0,0,0,0,0,0,0,0,0,0,0,0,0,0,0,0,0,0,0,0,0,0,0,0,0,0,0,0,0,0,0,0,0,0,0,0,0,0,0,0,0,0,0,0,0,0,0,0,0,0,0,0,0,0,0,0,0,0,0,0,0,0,0,0,0,0,0,0,0,0,0,0,0,0,0,0,0,0,0,0,0,0,0,0,0,0,0,0,0,0,0,0,0,0,0,0,0,0,0,0,0,0,0,0,0,0,0,0,0,0,0,0,0,0,0,0,0,0,0,0,0,0,0,0,0,0,0,0,0,0,0,0,0,0,0,0,0,0,0,0,0,0,0,0,0,0,0,0,0,0,0,0,0,0,0,0,0,0,0,0,0,0,0,0,0,0,0,0,0,0,0,0,0,0,0,0,0,0,0,0,0,0,0,0,0,0,0,0,0,0,0,0,0,0,0.19,0,0,0,0,0,0.51,0,0.19,0,0,0,0,0.1,0,0.15,0.14,0.16,0,0,0,0.36,0,0,0.08,0,0,0,0,0,0,0,0
3080,0,0,0,0,0,0,0.06,0,0,0,0,0,0,0,0,0,0,0,0,0,0,0,0,0,0,0,0,0,0,0,0,0,0,0,0,0,0,0,0,0,0,0,0,0,0,0,0,0,0,0,0,0,0,0,0,0,0,0,0,0,0,0,0,0,0,0,0,0,0,0,0,0,0,0,0,0,0,0,0,0,0,0,0,0,0,0,0,0,0,0,0,0,0,0,0,0,0,0,0,0,0,0,0,0,0,0,0,0,0,0,0,0,0,0,0,0,0,0,0,0,0,0,0,0,0,0,0,0,0,0,0,0,0,0,0,0,0,0,0,0,0,0,0,0,0,0,0,0,0,0,0,0,0,0,0,0,0,0,0,0,0,0,0,0,0,0,0,0,0,0,0,0,0,0,0,0,0,0,0,0,0,0,0,0,0,0,0,0,0,0,0,0,0,0,0,0,0,0,0,0,0,0.09,0,0,0,0,0,0.25,0,0.09,0,0,0,0,0,0,0.07,0.07,0.08,0,0,0,0.18,0,0,0,0,0,0,0,0,0,0,0
3500,0,0,0,0,0,0,0,0,0,0,0,0,0,0,0,0,0,0,0,0,0,0,0,0,0,0,0,0,0,0,0,0,0,0,0,0,0,0,0,0,0,0,0,0,0,0,0,0,0,0,0,0,0,0,0,0,0,0,0,0,0,0,0,0,0,0,0,0,0,0,0,0,0,0,0,0,0,0,0,0,0,0,0,0,0,0,0,0,0,0,0,0,0,0,0,0,0,0,0,0,0,0,0,0,0,0,0,0,0,0,0,0,0,0,0,0,0,0,0,0,0,0,0,0,0,0,0,0,0,0,0,0,0,0,0,0,0,0,0,0,0,0,0,0,0,0,0,0,0,0,0,0,0,0,0,0,0,0,0,0,0,0,0,0,0,0,0,0,0,0,0,0,0,0,0,0,0,0,0,0,0,0,0,0,0,0,0,0,0,0,0,0,0,0,0,0,0,0,0,0,0,0,0,0,0,0,0,0,0,0,0,0,0,0,0,0,0,0,0,0,0,0,0,0,0,0,0,0,0,0,0,0,0,0
